1,5,4,2,7,2,7,13,4,5,4,5,9,2,2,11,10,10,3,7,8514.34
1,4,11,12,2,7,5,5,11,4,12,11,13,5,4,13,7,13,8,5,8299.38
1,10,5,12,9,13,9,5,13,7,2,11,3,8,2,7,12,5,12,4,8567.93
1,6,5,6,12,10,6,5,11,8,7,5,13,3,8,8,5,5,12,5,8400.02
1,10,11,6,5,6,9,2,10,11,8,7,9,6,10,11,11,8,4,11,8252.16
1,13,10,6,6,4,4,8,12,11,5,9,6,4,11,2,12,5,4,9,8323.48
1,2,10,8,3,11,7,9,3,12,10,2,4,4,3,4,8,3,4,7,8390.13
1,13,7,7,5,3,12,4,3,2,7,5,8,4,10,10,4,8,6,13,10889.34
1,4,13,13,6,9,12,6,12,11,9,6,10,8,12,8,10,11,5,6,8303.14
1,6,3,7,8,11,11,5,3,9,3,9,6,11,2,8,13,4,9,6,8353.61
1,13,3,9,5,4,7,2,2,3,10,9,8,12,11,12,12,11,10,10,8315.63
1,7,8,3,13,10,9,12,9,7,4,6,2,10,9,10,13,6,12,2,10917.02
1,4,6,3,7,8,3,10,3,11,4,12,3,7,12,10,6,8,10,12,8408.28
1,11,13,3,13,3,7,8,10,13,4,3,12,9,2,2,8,4,6,4,8337.34
1,7,2,5,5,5,7,12,3,6,6,6,8,12,5,4,4,3,9,8,10910.41
1,5,2,12,2,7,2,11,10,7,2,8,3,5,6,5,12,10,2,8,8525.01
1,4,9,4,8,4,11,8,13,5,8,3,7,12,6,9,12,6,2,12,8381.23
1,8,13,11,4,8,8,2,4,12,6,10,6,9,13,5,11,10,4,5,8287.64
1,5,2,12,12,11,2,2,6,12,7,7,5,11,8,13,13,10,9,2,8363.53
1,4,6,8,12,10,2,8,7,4,3,3,4,3,3,11,11,6,8,6,8529.91
1,3,13,13,4,5,11,7,12,8,4,6,13,7,13,10,8,8,11,13,8340.93
1,3,9,12,3,3,8,9,8,10,9,6,12,4,10,12,13,8,6,9,10710.64
1,6,13,7,4,11,4,11,6,10,11,9,6,12,3,10,8,5,7,10,8334.01
1,3,8,6,5,7,6,10,11,7,8,8,8,3,10,9,5,2,4,4,8407.88
1,3,11,9,7,10,2,3,4,5,8,5,9,2,13,3,4,8,11,12,8314
1,6,11,11,13,8,3,3,10,7,11,4,5,11,7,10,5,9,9,6,8399.86
1,11,5,3,4,4,13,13,9,3,10,3,7,12,2,10,12,6,12,3,8361.27
1,2,7,8,12,11,12,6,13,12,13,7,2,9,8,6,8,5,13,10,8457.97
1,3,5,10,11,11,10,5,5,11,5,13,11,7,11,6,3,2,5,10,8321.79
1,10,8,4,2,11,12,5,8,3,7,2,4,12,2,2,4,11,10,10,8327.05
1,6,10,7,4,13,13,10,6,13,6,10,10,3,10,6,12,2,9,13,10713.1
1,13,7,4,13,9,4,5,12,10,12,12,2,5,5,8,2,3,3,7,10926.37
1,8,11,12,6,2,9,3,6,8,8,10,4,3,6,9,5,7,10,9,8386.98
1,2,9,9,8,13,9,13,3,12,9,8,3,5,5,6,13,13,6,12,10700.95
1,5,10,10,5,13,6,6,5,4,9,13,13,3,8,7,11,3,7,8,8517.2
1,2,9,11,5,5,11,5,3,2,12,4,13,8,8,10,6,8,8,12,8350.16
1,11,10,4,4,12,2,9,9,5,4,13,9,6,4,2,2,8,4,11,8237.65
1,11,13,6,13,4,4,10,3,11,4,2,7,4,3,10,6,12,6,5,8285.62
1,5,2,2,11,10,10,13,5,4,8,6,4,6,6,8,7,11,13,10,8385.62
1,2,8,4,3,3,7,2,13,10,3,5,11,4,12,6,9,6,13,9,8421.2
1,4,12,4,8,12,11,12,7,10,10,12,2,4,7,13,2,3,13,3,8439.07
1,4,12,10,3,4,5,6,3,5,4,3,7,7,5,12,12,6,2,10,10938.94
1,3,5,5,13,6,13,9,2,5,6,10,9,8,12,11,10,9,2,5,8394.3
1,5,10,9,12,13,7,3,5,9,12,9,10,2,4,11,12,10,3,3,8383.16
1,11,13,13,12,13,12,6,7,9,11,12,12,4,3,5,6,9,2,10,8230.83
1,2,6,4,10,12,5,6,9,8,2,7,6,3,13,8,5,10,5,12,10678.22
1,4,11,10,12,13,13,6,11,4,5,9,11,10,7,11,5,8,2,13,8296.25
1,11,8,5,10,12,10,3,12,12,11,12,13,12,4,11,5,13,10,6,8257.84
1,11,5,5,8,3,6,2,9,6,6,12,11,10,4,8,13,4,10,9,8281.09
1,10,11,12,10,7,11,12,4,11,6,8,6,2,7,12,13,3,11,9,8234.08
1,10,5,11,11,11,11,8,2,8,4,10,4,13,9,12,9,10,3,5,8293.45
1,7,4,10,7,3,8,4,10,12,7,2,5,11,5,10,5,13,9,6,8489.52
1,6,12,6,10,12,6,9,6,9,10,6,4,10,10,6,7,5,3,13,10718.48
1,11,13,4,2,10,11,7,10,9,2,12,7,10,2,6,7,8,6,4,8253.53
1,4,12,7,6,2,4,6,12,5,5,13,5,8,4,4,10,10,13,9,10948.07
1,5,4,11,9,9,12,12,13,10,11,4,10,7,6,2,5,12,3,6,8245.96
1,13,12,6,3,3,7,12,5,5,11,2,3,2,7,5,3,6,12,4,8400.73
1,9,11,12,5,9,7,8,5,8,13,13,13,13,4,9,3,5,9,9,8363.48
1,4,6,11,5,6,8,3,8,10,2,3,13,4,10,11,9,13,3,6,8513.45
1,4,11,9,4,6,10,9,13,2,5,4,13,10,7,12,7,11,7,12,8252.63
1,7,11,8,3,5,3,11,6,5,11,6,3,9,12,11,3,2,10,8,8308.92
1,10,6,2,6,7,4,12,3,11,2,9,6,4,4,4,9,2,12,13,8443.49
1,4,10,13,9,4,6,8,10,13,8,10,3,8,13,12,10,2,2,6,10885.73
1,3,4,13,3,10,11,8,3,13,8,10,4,12,10,6,12,10,12,10,8391.5
1,13,5,13,13,9,2,11,11,2,3,2,12,10,13,4,3,13,6,8,8273.33
1,4,7,10,13,4,4,5,7,11,5,11,2,3,3,13,3,12,10,13,8361.29
1,4,2,5,12,10,4,6,4,4,13,9,5,3,11,10,12,6,6,4,8460.65
1,8,10,13,6,7,3,6,2,13,11,12,10,6,4,13,5,2,2,7,8389.19
1,7,10,3,7,6,5,8,10,10,2,7,3,7,7,3,9,12,12,2,11014.9
1,6,2,5,13,10,7,7,7,12,12,4,13,3,8,5,11,8,8,10,8454.83
1,13,12,8,9,9,7,11,13,10,6,13,13,4,6,3,8,3,4,3,8472.56
1,10,9,12,7,2,6,11,11,2,11,7,10,7,4,8,13,6,13,11,8319.18
1,11,8,5,2,3,6,13,9,12,12,9,3,11,5,9,4,2,4,7,8254.76
1,4,2,10,3,6,4,9,13,4,12,2,12,9,3,6,5,5,7,4,10746.05
1,10,8,6,12,2,2,9,7,11,8,10,5,12,4,3,12,2,6,2,8478.13
1,2,12,12,6,11,7,8,9,4,10,8,8,12,13,5,12,12,12,6,8485.15
1,5,9,7,4,10,12,5,7,9,12,6,7,2,6,9,8,3,7,5,10768.34
1,10,9,5,4,7,12,6,9,4,10,4,3,3,4,5,12,7,9,13,10744.67
1,5,4,5,4,8,9,2,3,6,6,8,9,7,5,10,7,10,13,2,10765.7
1,11,4,11,5,9,12,5,4,3,4,11,11,9,3,9,3,13,7,13,8235.53
1,5,6,6,3,6,12,13,7,13,2,4,10,9,7,9,4,2,10,3,10703.2
1,3,8,13,6,5,4,9,4,11,12,6,4,8,5,5,4,13,3,2,8411.23
1,6,6,4,4,6,4,8,12,11,7,2,12,13,6,3,2,4,2,3,8459.42
1,8,9,2,12,13,13,9,12,3,6,7,6,7,2,6,3,6,7,3,10718.84
1,3,7,11,11,2,2,10,4,10,11,5,12,10,6,2,9,7,13,4,8269.63
1,7,5,5,8,13,3,11,8,6,5,2,8,6,4,2,11,8,4,6,8276.78
1,10,7,10,8,6,9,2,7,4,3,8,3,8,6,5,11,5,13,11,8431.97
1,8,8,6,7,9,12,5,2,11,8,6,10,4,13,8,8,9,8,2,8456.86
1,5,3,10,13,13,5,11,10,6,4,4,8,2,6,13,3,8,11,2,8319.75
1,3,13,2,9,9,4,3,11,3,7,10,6,3,6,7,6,10,2,12,8424.18
1,4,7,6,13,3,3,12,11,6,8,6,6,6,4,9,6,5,8,11,8270.06
1,11,13,3,5,3,10,2,2,13,11,8,12,13,10,10,11,13,4,8,8239.27
1,8,11,5,9,11,10,8,7,13,12,9,3,6,10,6,7,10,3,4,8314.4
1,4,12,7,4,6,10,2,5,11,10,6,9,6,11,2,2,13,13,12,8323.79
1,5,2,10,2,13,5,4,9,6,2,8,10,3,11,13,11,7,2,6,8456.73
1,11,2,3,6,10,6,11,11,8,6,8,2,13,5,4,4,5,10,7,8251.56
1,4,7,10,4,9,6,6,13,7,6,11,7,12,4,11,5,4,6,12,8399.34
1,11,7,11,7,11,4,5,10,11,3,5,3,7,2,4,10,12,8,6,8266.37
1,8,12,5,8,12,9,12,5,8,4,3,5,12,7,12,3,13,2,7,10940.26
1,3,4,4,7,13,13,6,4,8,11,13,5,5,4,4,7,4,12,8,8493.01
1,6,5,12,3,13,2,4,8,8,6,4,4,12,4,5,2,2,4,7,10704.09
1,9,13,8,12,12,13,6,5,4,13,10,6,6,3,8,11,8,6,11,8343.01
1,10,2,6,12,4,9,6,6,3,8,8,5,9,3,5,9,8,6,3,11336.76
1,11,11,10,13,3,6,9,2,3,12,6,11,6,12,11,8,6,4,6,8254.54
1,13,3,2,4,2,12,4,3,6,7,7,6,11,12,2,7,8,12,3,8416.98
1,4,7,7,12,5,7,6,11,13,11,11,5,4,10,4,9,11,5,11,8375.79
1,10,4,2,11,11,8,7,3,5,8,10,12,8,3,3,7,13,13,11,8311.22
1,11,12,6,7,5,12,3,12,6,4,3,12,6,2,6,6,12,5,7,8339.55
1,12,11,5,10,7,12,8,8,8,9,6,2,3,6,10,11,12,11,10,8335.07
1,8,13,5,3,4,3,8,3,6,12,3,12,11,8,13,11,13,3,8,8323.87
1,7,2,4,10,6,6,11,4,9,6,13,9,12,9,5,8,11,12,9,8311.75
1,3,11,12,2,11,13,6,7,2,4,8,6,3,3,3,9,13,9,9,8250.95
1,6,12,11,13,6,13,9,13,4,13,8,9,3,4,4,4,6,6,10,8470.34
1,8,8,4,8,13,12,8,4,9,11,5,3,5,3,10,12,3,3,5,8392.78
1,3,11,6,8,6,8,6,6,4,3,3,3,9,2,2,10,9,3,2,8357.69
1,8,2,8,5,9,13,12,8,6,13,4,9,11,9,2,2,9,10,13,8468.09
1,6,6,12,10,8,12,7,9,10,8,9,3,10,7,9,13,6,3,12,10699.44
1,3,5,3,8,6,10,8,8,8,9,5,13,11,3,3,13,5,11,3,8533.62
1,3,5,7,12,4,5,6,7,5,11,7,12,3,11,10,11,11,3,9,8314.09
1,2,3,13,10,3,12,9,13,5,9,4,8,12,13,4,2,13,12,11,8415.97
1,11,6,3,7,3,7,12,6,3,9,10,12,8,11,4,11,3,8,7,8311.08
1,7,12,7,7,9,2,8,13,2,4,11,4,8,3,5,13,5,2,4,8422.41
1,12,12,9,12,10,12,4,3,5,5,10,13,8,7,11,13,8,3,4,8461.58
1,2,6,6,2,10,9,2,12,9,11,9,6,6,4,2,10,7,3,9,8452.7
1,10,11,7,2,2,13,9,7,2,10,8,4,5,12,2,8,2,9,4,8308.06
1,9,13,3,4,13,13,5,12,7,7,6,9,2,11,12,7,2,9,3,8433.6
1,9,7,4,6,10,13,11,9,5,12,4,5,8,6,12,8,12,9,5,8428.89
1,12,13,5,13,7,7,6,10,5,10,6,10,5,10,2,3,7,7,3,10951.58
1,11,6,5,4,10,5,13,12,13,2,2,7,2,9,2,7,12,8,6,8339.37
1,11,13,12,12,4,8,9,7,2,5,2,13,4,10,9,6,5,6,9,8350.12
1,6,9,2,8,10,13,6,13,9,2,4,3,2,13,9,9,2,6,7,10827.63
1,3,3,4,5,3,11,5,3,3,7,10,8,6,10,9,13,2,6,11,8316.29
1,10,2,7,3,10,13,4,6,5,9,6,5,11,3,4,11,4,3,11,8336.71
1,7,10,2,12,13,2,13,13,11,2,7,10,4,13,3,10,5,12,2,8429.29
1,7,12,9,5,3,12,2,12,8,13,6,11,5,4,8,2,9,9,4,8520.45
1,6,4,7,5,8,3,11,12,6,8,3,12,5,11,3,2,13,12,12,8359.27
1,2,12,3,2,13,13,8,2,2,8,6,7,3,5,13,2,7,10,5,10907.99
1,8,9,7,8,11,7,13,11,5,12,11,4,5,13,8,5,13,3,5,8353.64
1,9,8,5,8,9,11,4,8,3,12,11,11,10,13,12,5,4,12,4,8369.3
1,6,12,3,7,8,5,8,9,5,2,5,10,4,12,9,6,4,8,2,11333.48
1,9,5,7,6,9,8,12,10,4,11,6,5,7,8,3,7,9,2,13,8378.21
1,11,9,4,2,5,12,8,6,4,8,3,9,6,4,5,13,13,3,5,8348.38
1,10,13,8,11,7,5,3,11,10,10,5,3,4,8,8,7,8,7,12,8323.07
1,10,9,5,8,10,12,13,11,3,12,12,11,7,12,10,9,8,9,11,8318.4
1,3,9,10,2,4,7,3,10,5,2,3,11,2,2,12,10,10,7,10,8418.41
1,9,3,9,7,6,4,4,5,9,13,7,2,13,10,13,13,8,8,7,10777.45
1,8,11,5,5,5,7,3,11,2,5,4,7,9,2,9,2,5,3,10,8314.79
1,2,4,3,5,10,9,2,7,8,6,7,3,8,6,8,2,12,3,9,10736.86
1,11,2,13,7,13,10,2,5,13,5,8,5,9,10,12,12,2,6,8,8339.65
1,11,10,9,6,12,4,9,10,6,11,7,9,10,2,13,6,13,2,7,8303.43
1,6,9,9,10,8,3,9,2,8,4,10,3,3,2,13,10,11,13,11,8420.39
1,13,2,11,3,7,3,5,13,13,13,6,11,9,3,12,10,3,4,12,8293.48
1,4,3,4,11,9,11,4,2,6,9,6,12,12,11,9,8,9,12,3,8259.09
1,5,2,12,8,4,3,12,4,13,5,11,3,13,8,8,11,3,6,10,8369.51
1,13,13,9,7,4,4,11,7,12,8,12,5,11,9,3,3,6,8,9,8381.26
1,5,3,2,13,5,7,12,5,13,9,6,8,12,7,13,4,13,4,4,10870.07
1,12,7,5,9,9,11,4,4,11,7,6,2,13,4,4,12,4,10,7,8333.92
1,12,11,8,10,4,9,12,10,4,3,3,10,9,8,9,3,7,4,10,8418.95
1,3,13,6,4,3,3,2,6,11,12,4,2,10,5,13,6,3,5,9,8421.97
1,11,4,9,2,6,5,12,8,4,3,9,3,13,9,10,3,9,2,2,8307.68
1,10,12,11,10,8,2,10,9,12,11,5,11,6,8,6,9,5,6,12,8334.83
1,2,4,5,9,4,3,2,3,10,4,4,2,6,4,9,12,6,3,11,8545.65
1,2,11,5,5,5,5,3,5,9,7,3,5,2,11,9,5,5,12,13,8357.18
1,7,13,10,5,13,9,10,11,6,2,7,7,11,6,5,4,3,6,11,8366.14
1,3,7,5,10,11,8,4,8,10,6,8,2,8,8,7,12,8,7,7,8363.98
1,5,7,3,11,8,12,9,9,8,4,2,6,2,3,3,8,3,11,7,8349.96
1,3,9,3,11,12,8,2,13,12,12,8,9,4,13,5,12,7,11,4,8353.7
1,11,7,4,11,4,2,9,3,5,8,8,4,12,9,3,8,6,12,8,8302.32
1,6,3,5,3,13,10,6,2,10,5,7,4,6,7,10,8,8,8,11,8559.58
1,5,13,11,7,6,12,4,8,10,3,8,10,9,5,2,4,12,12,4,8361.99
1,12,10,7,13,2,7,6,2,6,7,2,3,9,2,11,6,5,2,10,8453.24
1,4,3,4,8,12,5,13,2,2,2,11,7,2,11,9,13,6,11,5,8463.78
1,10,8,7,6,10,11,5,6,9,2,4,10,12,5,6,3,4,5,11,8272.14
1,7,4,9,8,2,4,6,7,5,6,10,9,3,10,6,5,8,6,11,8532.67
1,13,11,6,5,2,10,3,7,12,11,9,4,2,12,3,5,11,8,11,8288.23
1,5,5,3,7,9,12,12,8,2,11,5,9,10,4,3,2,4,7,6,8426.02
1,8,2,3,3,5,6,10,7,5,12,5,6,4,6,3,7,7,4,8,10846.54
1,9,11,11,12,11,2,9,5,6,5,4,3,7,9,8,4,11,9,8,8332.4
1,8,10,12,6,11,13,6,12,9,10,7,5,4,3,4,6,8,5,9,8465.45
1,6,10,12,8,4,12,10,7,4,11,12,10,10,10,8,3,13,7,13,8491.81
1,13,4,3,5,8,3,11,11,7,9,9,11,10,11,8,10,12,9,6,8308.69
1,13,3,6,10,9,5,7,3,6,11,3,8,8,2,3,9,3,2,10,8436.89
1,13,6,12,3,6,11,9,6,9,12,11,13,7,4,12,5,12,8,7,8450.23
1,10,6,13,13,13,8,3,11,12,12,10,13,2,7,6,9,3,4,7,8474.54
1,4,10,6,4,6,4,2,11,5,12,10,7,2,12,12,3,2,6,9,8445.65
1,12,7,12,3,10,2,5,2,10,4,2,7,12,4,9,7,2,5,7,11012.19
1,8,9,10,5,5,12,10,9,7,13,10,13,10,2,11,7,3,9,3,8498.68
1,11,3,7,6,13,9,8,9,7,9,11,7,12,7,9,9,10,4,13,8282.72
1,8,12,6,7,13,2,6,6,7,5,7,7,3,3,12,12,9,3,5,10949.67
1,12,6,13,3,11,12,5,12,4,7,4,8,6,11,3,13,8,12,9,8380.47
1,10,3,7,7,13,4,4,7,6,6,4,9,5,11,12,13,7,5,5,8412.71
1,4,4,5,5,2,4,4,4,3,8,10,7,11,6,7,13,4,12,2,8487.47
1,5,12,2,6,11,7,5,3,7,2,11,4,3,7,8,11,2,10,6,8564.99
1,2,3,3,13,13,2,2,3,4,7,9,13,10,5,3,7,3,3,6,10923.13
1,6,10,9,8,12,6,4,13,5,5,8,9,8,13,9,3,13,4,10,10711.5
1,10,7,13,11,10,3,9,13,12,6,13,6,10,9,12,2,4,8,8,8343.78
1,5,9,6,12,13,11,10,11,10,8,9,2,11,10,12,9,3,13,8,8347.27
1,4,5,9,8,11,9,4,8,11,8,11,4,13,6,12,7,8,6,13,8366.75
1,10,5,9,13,8,12,5,5,2,8,12,10,5,7,3,5,2,6,12,10673.56
1,4,2,12,12,5,5,4,12,7,4,2,10,8,7,3,4,8,9,6,10966.65
1,4,6,4,4,5,7,7,2,13,11,11,8,7,12,7,2,4,11,10,8361.41
1,4,10,10,3,3,3,8,5,10,11,5,12,6,8,2,7,3,3,9,8426.27
1,9,8,9,6,7,11,2,5,2,7,13,5,8,6,9,2,10,10,2,8476.93
1,4,7,10,2,9,11,12,13,5,5,7,3,7,8,3,6,7,6,6,8419.53
1,13,7,8,13,2,4,7,3,5,7,4,5,4,2,2,6,12,13,3,10875.42
1,10,8,10,2,5,3,3,8,6,3,6,9,12,8,9,8,10,9,11,8498.44
1,2,9,10,5,6,8,8,3,8,6,5,8,8,12,6,12,8,12,4,10685.77
1,13,12,5,8,7,11,3,11,2,4,2,9,12,9,9,3,7,3,5,8399.36
1,4,2,3,6,12,6,11,7,12,7,9,7,5,6,3,6,7,7,8,8574.57
1,4,5,5,6,4,4,9,9,11,6,5,7,9,13,5,6,8,12,11,8320.71
1,2,10,2,2,4,12,12,13,5,2,2,6,10,5,8,5,7,11,7,8587.95
1,12,11,2,11,4,3,5,10,7,2,2,11,8,9,9,5,11,2,9,8397.1
1,6,11,3,4,10,3,12,8,9,9,9,4,7,4,2,12,4,8,5,8377.5
1,12,4,8,9,6,2,10,8,7,4,11,10,6,4,6,12,11,8,6,8426.58
1,13,13,3,3,5,9,4,6,8,11,3,2,4,8,11,8,2,4,13,8376.45
1,12,11,10,5,8,5,10,7,4,2,10,12,5,10,9,5,4,5,2,8456.71
1,7,12,8,3,6,8,3,10,12,2,10,12,10,4,4,13,4,2,9,10862.78
1,6,3,10,6,7,4,2,5,10,8,8,11,4,8,3,3,11,7,4,8422.52
1,4,10,11,10,2,11,10,9,6,9,8,8,6,5,4,12,13,11,10,8301
1,12,3,4,12,2,11,5,9,3,2,5,6,7,3,2,9,9,11,2,8438.53
1,4,10,8,3,12,4,12,12,5,11,10,3,12,9,12,3,2,13,7,8529.16
1,13,6,11,5,4,8,2,5,8,7,12,5,7,10,6,5,2,3,4,8429.81
1,9,2,4,2,4,13,7,12,12,13,11,11,8,2,6,5,12,5,9,8330.19
1,11,12,4,12,4,4,2,5,9,10,5,12,2,13,5,11,9,7,2,8251.38
1,13,7,4,4,9,10,7,5,5,13,10,8,12,7,12,12,8,7,9,10902.47
1,7,5,8,6,8,3,7,7,4,4,4,3,7,9,11,8,6,9,12,8370.06
1,3,3,9,2,6,12,6,2,7,6,7,2,3,9,12,11,11,3,9,8411.67
1,5,6,10,3,4,9,8,4,7,5,7,2,10,13,6,4,13,4,7,10802.29
1,5,5,7,13,2,3,8,2,3,5,4,11,11,9,13,7,2,8,10,8298.1
1,9,4,8,12,8,10,3,12,4,3,4,2,3,13,11,12,9,10,12,8434.79
1,5,4,6,12,3,2,9,4,8,2,2,9,5,13,8,7,11,12,7,8525.19
1,13,8,6,5,8,2,7,12,3,10,5,12,10,7,2,8,8,4,7,10903.81
1,13,11,6,9,11,13,7,12,6,3,10,4,7,9,6,6,11,7,6,8281.18
1,13,8,3,5,6,8,4,13,5,11,5,13,3,9,3,9,9,10,12,8407.94
1,9,8,6,3,10,4,2,12,3,6,11,10,4,12,6,11,12,12,7,8547.16
1,5,2,8,11,9,10,5,4,4,4,5,2,7,4,7,6,4,12,7,8432.92
1,8,7,13,9,4,12,5,7,4,8,9,12,10,5,8,12,7,6,2,10868.63
1,8,12,13,3,12,3,5,7,12,12,9,4,5,11,5,5,5,12,8,8445.81
1,5,6,13,8,7,5,8,3,11,8,2,10,13,12,6,6,12,5,12,8401.5
1,8,5,4,13,8,13,2,12,8,2,6,8,11,3,5,6,10,4,2,8462.47
1,6,8,3,12,9,3,8,11,7,3,11,12,2,9,11,10,12,4,8,8371.14
1,5,6,8,6,6,9,3,13,9,7,13,6,12,11,13,12,3,3,7,8455
1,8,11,8,8,8,3,9,13,9,10,8,10,13,5,10,7,2,9,5,8383.2
1,11,6,12,10,9,10,5,4,13,8,9,5,12,6,2,3,9,12,11,8287.56
1,2,4,3,12,10,11,7,5,3,9,13,10,7,9,3,10,5,5,2,8460.44
1,5,6,11,2,10,7,11,10,12,12,3,8,7,11,8,7,3,2,12,8327.08
1,11,9,6,11,13,13,5,6,9,2,2,8,4,3,4,8,7,2,11,8282.56
1,8,9,12,9,13,11,5,3,11,11,12,10,12,12,13,12,9,11,7,8329.23
1,6,13,4,11,4,13,5,8,3,8,10,12,10,9,6,11,12,8,6,8362.4
1,12,2,10,12,3,4,9,12,13,6,5,2,5,5,6,8,5,11,3,8505.47
1,6,9,8,11,2,10,6,4,11,4,10,9,9,8,6,5,7,10,5,8373.62
1,3,6,8,5,9,6,2,8,11,10,8,2,5,4,11,4,8,6,4,8457.82
1,2,4,8,12,13,4,2,10,7,6,11,5,10,12,7,11,6,6,13,8507.18
1,2,4,5,7,13,10,12,10,7,10,8,11,3,4,13,11,9,12,12,8447.04
1,12,4,6,4,6,11,11,3,7,5,13,10,12,9,4,2,6,2,5,8329.74
1,13,8,3,4,5,9,8,5,2,3,2,10,11,8,8,12,9,2,13,8402.46
1,11,11,5,3,12,10,7,4,5,2,10,9,12,11,5,12,13,9,12,8292.86
1,7,4,12,12,4,10,11,11,7,12,8,11,3,2,2,8,5,7,3,8324.95
1,2,5,4,3,7,4,10,12,2,11,8,10,12,12,13,6,3,12,3,8465.82
1,6,8,9,11,8,8,13,12,10,4,4,11,9,10,5,11,12,5,9,8301.62
1,13,6,13,8,9,4,4,9,8,7,9,5,2,7,10,9,12,4,8,10893.5
1,2,13,6,3,8,13,3,7,8,6,8,6,5,2,6,7,11,4,10,8498.49
1,10,8,7,7,4,2,6,11,9,4,12,3,6,10,11,9,10,12,10,8422.16
1,11,6,12,12,10,7,10,12,6,6,3,3,4,12,2,11,8,6,9,8243.13
1,12,4,12,12,4,12,12,4,10,7,11,12,10,13,2,8,4,11,10,8422.35
1,3,6,9,2,12,5,5,13,4,10,2,6,8,7,10,5,10,11,12,8470.53
1,8,8,3,9,7,5,5,6,7,8,12,5,7,9,2,9,7,13,9,10700.03
1,4,2,10,8,8,7,10,9,3,7,10,2,7,12,8,7,6,8,11,8555.89
1,4,3,8,13,3,12,3,11,8,5,2,12,10,4,7,8,9,10,12,8434.15
1,5,9,2,12,2,3,6,6,2,7,10,7,12,2,6,3,3,9,5,10718.3
1,5,5,8,12,6,9,11,10,13,8,12,7,8,11,12,4,3,12,5,8316.88
1,6,10,7,9,9,3,8,10,2,2,6,5,4,13,11,11,8,7,8,8387.31
1,5,11,7,5,5,3,11,6,12,8,11,4,2,9,3,10,8,7,11,8238.87
1,8,4,11,7,4,13,13,7,11,6,10,10,8,13,9,8,13,8,7,8318.76
1,3,2,7,5,13,8,3,4,5,11,7,9,5,2,4,9,3,12,8,8392.44
1,7,3,7,3,12,4,11,2,9,4,12,6,9,4,3,11,6,7,6,8337.6
1,6,13,8,9,5,6,2,6,11,8,6,6,5,2,5,9,4,11,7,8424.05
1,6,2,12,3,10,8,8,4,12,13,10,11,9,6,5,11,6,13,9,8468.21
1,11,13,12,6,12,4,12,13,5,3,10,6,5,13,11,4,10,9,8,8230
1,11,12,5,11,3,11,12,9,5,6,8,10,13,4,8,12,9,9,10,8278.45
1,4,10,7,7,10,3,4,4,5,5,6,10,11,7,13,7,7,4,12,8435.87
1,7,12,11,2,9,7,10,2,11,12,7,10,13,12,11,10,6,12,8,8343.25
1,12,7,3,13,4,5,10,8,7,7,4,4,8,12,9,11,8,12,7,8417.44
1,11,7,2,10,10,11,12,10,12,12,10,6,7,2,7,11,12,9,6,8266.61
1,3,4,8,12,10,5,3,7,4,7,3,10,4,9,5,12,13,3,13,11031.17
1,12,13,2,4,2,10,4,13,12,7,5,5,12,6,3,13,2,13,9,10898.83
1,5,2,9,6,4,5,8,6,4,13,7,11,8,8,3,13,13,8,11,8461.99
1,11,4,11,9,2,5,3,2,4,2,4,9,4,9,2,9,5,11,3,8291.13
1,9,4,5,11,9,7,10,11,2,4,12,2,6,9,2,7,4,11,8,8323.12
1,4,2,8,2,11,5,5,10,5,7,2,7,7,12,5,11,9,6,6,8383.16
1,9,7,6,8,8,5,4,8,12,4,3,3,3,12,13,13,12,13,9,10696.13
1,11,5,8,8,4,11,10,9,12,6,10,13,13,8,12,2,9,12,7,8298.1
1,6,8,13,11,2,11,5,7,7,13,11,10,8,7,5,2,5,6,2,8323.46
1,10,12,8,13,5,6,9,13,7,6,13,3,12,5,4,5,9,9,6,10921.08
1,5,4,6,13,11,12,4,7,8,11,9,3,13,9,8,9,4,8,9,8308.79
1,6,9,10,8,9,8,13,8,2,10,7,7,9,11,3,6,2,12,6,8420.97
1,9,10,13,7,6,11,6,8,13,11,6,8,6,9,6,5,2,4,11,8494.05
1,4,12,5,8,4,3,9,3,3,3,10,9,6,3,13,6,12,5,8,10945.34
1,2,11,10,5,3,5,8,9,9,5,4,7,11,12,2,12,11,4,3,8369.87
1,10,6,3,8,5,2,12,10,8,4,6,7,5,9,11,9,5,5,13,8518.03
1,4,6,2,4,5,11,9,8,11,4,3,9,9,5,10,7,6,2,6,8366.33
1,8,2,13,6,3,3,5,8,6,13,6,9,8,10,4,6,13,6,7,10899.14
1,5,5,5,4,3,8,9,10,11,13,5,4,7,8,9,9,6,3,11,8390.71
1,10,4,12,13,12,10,3,11,10,7,3,6,3,13,5,7,2,13,7,8509
1,3,4,8,6,6,5,11,12,3,13,12,12,9,12,10,11,11,12,8,8334.01
1,6,9,3,2,3,2,4,12,8,11,11,12,3,2,7,12,5,9,6,8367.89
1,3,10,12,5,2,4,8,12,11,11,4,3,7,3,12,8,11,4,13,8402.63
1,7,5,7,12,3,6,11,4,4,2,12,11,8,3,3,6,6,10,10,8425
1,9,11,6,4,10,3,13,13,9,7,12,9,12,6,2,11,10,4,8,8349.37
1,7,3,7,10,3,7,3,9,5,10,8,5,2,8,8,5,11,3,10,8460.65
1,11,7,5,13,5,9,13,2,3,4,5,4,12,9,11,12,6,3,8,8255
1,12,9,12,2,2,8,11,10,2,13,10,11,6,8,12,7,10,6,7,8399.95
1,4,3,4,10,6,4,11,6,13,9,12,6,9,7,12,5,11,4,10,8378.47
1,13,4,2,10,9,8,7,6,13,10,5,6,2,7,10,12,4,4,6,10875.14
1,12,3,4,11,4,12,13,13,5,11,5,7,5,9,6,12,3,7,12,8329.05
1,9,12,7,12,13,5,6,8,3,11,5,10,9,13,5,8,2,11,11,8373.3
1,5,7,13,12,9,10,2,13,4,10,11,11,7,5,11,9,4,6,13,8307.8
1,2,5,9,3,10,12,12,9,12,2,7,6,2,3,5,10,5,13,2,10738.48
1,7,10,10,9,10,2,8,10,9,11,4,8,7,4,12,9,7,4,12,8448.61
1,6,7,9,10,7,6,6,8,3,9,2,11,4,4,3,10,3,2,7,8504.43
1,7,11,4,2,7,10,3,10,3,10,4,8,13,9,9,4,13,3,5,8403.17
1,8,4,7,2,4,12,11,13,5,7,4,12,12,12,4,10,5,10,4,8324.56
1,2,8,11,8,12,6,11,10,4,11,13,11,6,7,9,8,10,2,2,8364.07
1,7,11,10,9,9,10,5,5,6,5,10,5,13,8,9,8,5,8,7,8428.3
1,2,12,3,11,13,10,3,4,11,13,10,6,11,8,9,8,2,12,6,8362.55
1,2,6,11,3,13,8,2,12,9,12,13,9,11,6,12,8,13,2,9,8353.24
1,6,8,4,3,9,13,4,3,3,12,12,3,12,6,3,4,8,4,2,10720.06
1,5,13,8,3,7,6,3,6,4,9,13,10,11,10,11,7,11,2,10,8340.14
1,10,4,7,9,3,8,2,5,11,6,11,11,7,7,9,6,9,9,7,8472.03
1,6,5,9,10,12,4,9,12,11,6,11,8,8,6,8,13,13,2,11,8350.5
1,8,8,8,6,3,5,13,3,4,7,2,6,4,12,11,11,7,9,8,8363.58
1,4,12,2,2,12,8,6,10,4,7,3,4,10,12,6,10,2,5,12,10950.89
1,9,12,2,7,11,10,8,11,4,8,13,8,10,6,3,13,4,12,2,8377.09
1,4,8,10,3,3,7,3,10,2,4,12,6,11,5,11,5,3,11,13,8402.13
1,6,4,9,3,13,9,4,2,4,5,12,8,13,3,11,4,11,11,2,8401.38
1,10,3,6,10,2,3,10,7,4,2,7,8,9,13,10,2,3,8,13,10874.18
1,12,5,10,2,8,3,13,11,10,5,2,7,4,7,12,4,6,9,7,8419.05
1,12,11,10,9,13,7,10,10,5,13,3,2,7,7,8,12,11,7,12,8372.71
1,9,6,10,12,6,9,3,13,2,6,8,6,5,13,12,8,13,13,12,10655.7
1,9,9,9,7,13,10,5,11,5,6,12,5,6,6,6,5,2,7,3,8460.97
1,10,11,8,13,8,6,10,3,11,4,13,9,11,9,4,7,7,2,5,8290.23
1,7,4,10,7,3,8,4,10,12,7,2,5,11,5,10,5,13,9,6,8489.52
1,3,6,2,13,8,12,12,9,12,11,3,9,5,7,3,8,2,6,9,8471.86
1,4,7,7,2,11,7,6,6,6,6,6,10,3,6,8,10,13,2,12,8342.24
1,8,8,6,8,9,8,11,11,10,5,5,10,8,9,11,5,10,3,8,8341.59
1,13,9,4,8,10,9,6,13,5,12,2,6,10,10,9,6,4,2,8,10888.72
1,13,7,11,10,5,7,4,11,12,5,13,6,7,6,8,10,13,11,13,8446.69
1,11,12,4,10,6,13,11,12,3,11,3,7,10,8,4,4,3,6,2,8255.49
1,12,5,4,7,13,9,12,8,4,12,3,13,11,2,13,4,6,8,6,8441.97
1,5,7,5,6,12,10,8,9,13,9,13,3,10,11,2,11,10,13,12,8315.69
1,13,7,11,10,12,11,7,11,13,9,13,7,3,13,4,12,4,4,4,8302.1
1,2,9,6,12,7,4,9,10,9,7,13,6,5,7,8,11,9,2,5,8567.81
1,9,2,8,4,8,7,9,7,4,9,3,11,3,3,5,8,11,4,11,8380.67
1,9,4,5,3,10,10,4,2,4,4,7,2,13,5,3,10,9,7,6,10789.27
1,3,3,5,13,4,11,2,8,2,7,4,5,3,4,10,11,2,13,9,8346.54
1,5,10,7,8,7,12,4,4,3,11,9,7,12,10,11,2,12,9,9,8374.35
1,13,13,8,2,8,8,12,9,11,13,11,11,8,10,12,13,10,12,11,8316.91
1,5,3,9,8,4,11,11,9,7,8,13,3,12,8,2,6,9,5,8,8321.54
1,12,10,2,3,10,3,11,9,12,5,5,8,2,6,11,3,10,10,9,8396.74
1,2,6,8,2,10,9,10,12,2,6,10,13,9,9,13,12,6,3,13,10708.08
1,5,12,3,13,9,4,8,12,11,11,12,6,6,2,10,8,9,4,12,8489.59
1,9,6,5,11,9,7,2,9,5,9,12,7,7,6,13,4,4,12,5,8361.47
1,4,4,3,9,2,8,12,13,6,12,11,4,10,8,7,4,7,7,13,8436.4
1,10,4,4,5,10,2,6,11,4,7,2,12,3,10,2,9,11,2,2,8403.45
1,3,7,11,2,7,7,13,12,4,13,4,9,3,11,13,11,4,8,10,8259.66
1,5,6,3,2,10,5,12,4,5,4,10,9,12,7,7,4,13,8,7,10783.07
1,6,7,12,11,9,7,4,3,5,3,3,10,5,2,2,3,10,7,4,8480.66
1,4,6,10,6,9,8,3,10,9,11,9,10,13,4,12,5,13,4,11,8272.13
1,12,6,8,7,6,3,2,13,2,9,7,13,7,11,4,4,6,13,3,8463.95
1,2,12,11,11,10,2,4,9,9,7,7,2,5,12,2,3,13,7,13,8360.34
1,3,10,9,9,9,9,4,11,11,12,10,12,6,8,3,8,13,7,8,8347.45
1,3,9,5,3,8,7,6,3,9,9,3,8,3,2,6,2,7,4,13,10764.56
1,2,10,5,10,9,8,7,11,8,8,11,2,8,9,4,2,2,13,8,8467.6
1,13,2,11,12,5,11,12,5,11,13,8,12,8,12,3,5,8,4,13,8283.82
1,9,2,8,13,5,9,7,10,13,12,6,13,5,3,5,10,4,7,9,10687.73
1,8,10,8,2,5,13,12,11,11,2,10,6,13,7,12,10,5,10,2,8394.04
1,8,6,11,6,7,6,4,2,9,2,3,5,11,3,12,10,6,12,8,8367.6
1,2,11,6,11,13,5,11,2,6,3,13,12,3,5,5,13,8,2,3,8354.12
1,11,8,13,5,13,8,11,6,13,10,3,13,6,6,9,4,12,2,13,8292.75
1,9,11,8,11,4,11,10,4,10,13,8,13,7,6,2,3,2,8,3,8345.97
1,9,4,4,4,5,2,10,8,9,13,5,3,11,8,7,9,9,11,4,8361.98
1,10,13,2,9,13,3,13,2,13,4,10,7,12,7,2,10,9,2,3,10899.14
1,7,10,13,10,10,10,12,9,12,7,8,3,4,2,13,12,8,13,3,10945.54
1,6,10,9,7,8,13,12,8,4,12,10,4,2,3,3,5,5,11,3,8463.85
1,6,13,11,9,4,7,10,5,8,6,6,4,8,8,5,4,13,13,8,8374.62
1,6,9,13,8,10,13,6,4,4,8,13,6,10,6,9,7,9,11,9,8509.97
1,2,9,4,11,12,12,3,2,11,6,11,7,10,3,11,8,6,10,3,8358.96
1,6,2,6,2,8,9,6,10,11,8,8,7,12,3,7,5,3,5,11,8391.96
1,3,5,5,10,13,12,4,5,2,2,9,6,5,13,6,9,13,12,8,10849.06
1,5,9,11,7,2,10,4,13,8,12,13,8,13,12,4,9,2,10,10,8405.91
1,6,11,10,13,7,8,7,10,11,7,9,13,10,10,6,8,9,11,7,8439.88
1,10,10,6,5,5,3,2,8,11,5,8,11,9,2,13,6,10,11,11,8327.41
1,7,2,3,8,10,12,5,3,4,11,11,12,3,3,13,3,4,10,9,8309.19
1,7,11,10,6,12,4,9,10,6,3,12,10,6,3,8,7,5,6,11,8304.35
1,3,12,9,7,3,11,8,2,4,13,4,13,13,13,9,12,6,4,7,8555.25
1,12,11,10,5,8,12,5,5,10,10,8,13,2,11,12,11,2,4,2,8368.8
1,6,2,3,13,3,13,6,5,3,13,6,2,6,8,10,12,2,12,3,10732.17
1,10,3,3,5,7,4,11,5,10,3,12,4,10,6,6,13,8,5,12,8510.93
1,13,6,9,3,3,10,13,6,2,10,12,9,11,2,6,5,4,3,9,8409.99
1,12,11,11,4,9,4,2,10,12,8,8,11,3,9,4,3,12,2,6,8340.48
1,4,3,7,7,7,11,6,4,11,11,10,3,12,6,5,10,9,13,11,8311.01
1,10,5,12,6,7,11,4,13,6,3,12,13,9,7,8,2,8,11,2,8509.91
1,12,7,10,11,7,4,11,4,13,11,5,8,13,6,11,2,9,11,12,8325.14
1,5,6,7,10,7,13,8,10,11,8,6,13,6,2,10,12,7,13,9,8384.69
1,8,5,5,6,6,9,12,8,5,3,5,6,10,7,5,13,8,5,3,10781.71
1,7,7,7,10,3,10,7,9,4,13,6,4,12,7,6,6,6,9,3,10869.5
1,8,12,10,2,11,10,7,13,4,10,11,2,5,12,13,12,10,11,5,8350.51
1,6,6,7,3,9,10,8,8,2,5,5,7,13,7,4,3,10,3,2,10832.69
1,13,8,6,2,13,5,13,6,10,5,9,8,4,13,8,2,6,9,9,10876.4
1,2,8,2,10,2,10,10,12,9,3,5,2,3,4,8,6,12,3,2,10992.25
1,7,11,11,10,11,11,4,11,4,11,13,3,10,4,8,11,8,11,13,8272.89
1,11,2,8,13,4,7,13,8,3,8,3,5,13,13,4,4,5,5,10,8351.05
1,2,5,8,4,2,9,3,11,8,10,3,9,6,6,12,6,2,8,4,8430.67
1,12,13,7,3,3,12,9,4,13,10,7,3,7,13,13,10,13,13,2,10898.42
1,6,10,8,6,5,7,11,8,11,2,12,4,6,8,5,11,13,5,12,8348.69
1,12,13,6,12,9,7,2,13,9,9,6,13,3,5,8,6,12,7,6,10878.97
1,4,4,10,6,8,4,11,5,7,8,12,10,3,11,4,5,7,6,4,8420.37
1,4,10,12,12,11,3,10,2,6,4,7,2,13,6,7,2,13,6,10,8475.89
1,11,8,11,6,9,9,3,6,12,8,2,3,8,11,5,12,2,5,6,8269.93
1,5,11,10,3,6,9,13,5,7,12,9,3,12,3,3,5,5,5,2,8304.59
1,10,4,13,9,2,10,2,12,13,12,4,10,5,13,7,12,8,13,2,10897.74
1,8,7,12,10,2,5,7,10,6,7,8,8,3,4,11,11,13,8,10,8429.23
1,13,2,3,2,9,9,5,3,6,3,11,12,13,7,13,7,5,4,5,8479.33
1,6,13,4,5,5,6,3,12,4,10,10,6,4,13,7,10,2,11,10,8468.8
1,13,11,9,13,13,11,7,4,10,11,11,2,7,8,6,8,5,7,7,8313.38
1,4,5,3,6,5,11,13,10,6,9,13,11,4,13,4,3,6,6,11,8329.96
1,3,13,6,4,13,6,7,13,9,10,4,11,12,6,12,11,10,3,7,8337.12
1,5,4,7,4,4,8,2,10,13,11,2,13,9,12,11,8,7,10,2,8267.84
1,8,10,4,4,9,2,3,5,12,13,4,9,2,13,4,9,7,11,7,8593.02
1,3,11,13,5,5,12,7,4,11,13,8,7,4,12,3,5,11,4,12,8252.3
1,10,11,7,6,3,3,9,3,13,5,4,6,12,3,9,11,13,13,13,8236.77
1,9,9,7,6,4,9,13,11,8,4,10,10,4,6,9,6,7,12,13,8411.66
1,12,5,7,9,7,10,8,4,6,7,12,13,13,8,5,3,8,4,3,10909.46
1,2,12,8,6,11,5,11,4,6,11,11,7,2,6,2,12,10,3,6,8368.42
1,9,4,9,3,9,8,5,13,7,10,9,12,4,4,2,9,6,2,13,10741.85
1,9,3,11,6,12,3,2,7,5,8,7,6,4,6,8,3,2,13,2,8363.22
1,2,2,8,3,10,13,7,3,10,13,2,12,2,13,3,12,5,13,9,10871.52
1,12,8,13,4,11,4,3,6,5,4,9,2,8,3,2,8,2,11,2,8366.07
1,5,6,2,12,11,6,2,12,5,7,5,12,13,2,5,13,7,7,2,8475.96
1,7,10,2,8,13,9,9,8,10,4,10,6,12,10,11,10,3,11,8,8300.93
1,13,12,13,8,5,2,4,10,6,11,13,7,9,10,10,13,11,3,12,8403.31
1,12,2,2,12,4,6,7,2,9,13,12,12,10,8,11,4,7,6,3,8431.1
1,3,11,13,11,9,9,12,13,6,2,6,11,6,9,2,8,9,4,10,8299.9
1,10,6,2,7,3,5,11,6,13,10,5,10,11,3,2,13,6,13,9,8514.74
1,5,11,13,9,4,11,3,4,6,7,9,10,13,13,11,3,11,4,13,8291.26
1,9,4,8,10,9,8,9,11,2,9,7,8,6,7,2,2,9,12,6,8413.99
1,7,2,10,9,2,3,5,6,6,12,4,5,7,7,3,4,9,2,8,10926.39
1,11,7,10,10,4,10,10,11,13,11,13,11,3,8,12,12,3,13,10,8238.57
1,11,10,4,9,6,9,2,5,6,11,13,13,2,5,12,7,8,4,13,8293.04
1,5,13,5,7,9,7,4,10,13,12,9,9,12,8,7,13,6,2,13,10892.83
1,8,2,11,12,8,9,3,8,4,10,10,5,5,8,13,10,9,11,10,8323.4
1,10,10,8,10,2,5,7,10,9,12,8,4,2,11,10,3,4,4,8,8422.14
1,2,7,2,4,3,10,2,7,4,9,12,4,2,6,2,8,10,11,4,8541.9
1,7,13,9,11,5,7,11,13,2,11,10,9,5,11,2,10,11,10,11,8404.45
1,13,7,4,4,13,11,3,4,12,4,3,12,3,3,12,10,11,4,4,8297.63
1,11,7,10,4,10,9,9,12,3,2,12,10,11,3,6,11,6,8,13,8232.8
1,11,10,3,2,4,6,3,7,2,12,4,4,10,10,12,8,7,2,3,8386.65
1,4,11,4,12,11,7,10,13,12,4,8,12,11,4,9,6,5,10,10,8297.83
1,8,2,12,10,12,7,8,7,5,9,3,5,8,4,11,2,12,9,8,8434.49
1,6,4,11,6,12,5,9,6,9,2,10,2,8,7,4,5,10,9,5,8398.33
1,4,5,9,5,8,4,9,10,12,3,13,6,8,13,8,3,10,11,5,8497.51
1,4,2,10,10,4,11,13,9,11,5,3,7,10,9,12,11,6,9,4,8345.48
1,3,11,12,6,4,12,8,12,12,10,11,2,5,8,9,8,13,13,11,8256.21
1,9,7,12,10,4,13,13,6,10,6,7,2,2,2,4,13,4,4,9,10746.01
1,9,8,12,8,7,3,5,10,2,12,13,11,8,3,8,8,4,4,9,8440.3
1,12,11,4,9,11,3,3,12,7,3,10,8,8,2,12,13,4,5,5,8372.69
1,12,4,10,12,7,13,4,4,6,4,13,9,10,6,13,7,8,10,2,10977.71
1,7,13,11,8,10,10,8,3,7,10,9,11,2,2,13,8,3,9,2,8316.87
1,2,11,4,13,3,11,8,9,11,9,2,7,4,5,9,10,10,6,11,8368.73
1,7,3,5,11,4,13,8,4,5,8,9,12,3,7,3,10,5,4,8,8387.81
1,13,3,2,5,2,11,13,13,8,5,10,8,2,5,10,7,3,5,2,8375.97
1,2,2,7,3,5,5,3,12,11,10,12,10,7,2,6,10,7,8,12,8481.09
1,6,11,8,9,3,5,11,11,12,8,12,5,9,7,13,4,8,10,3,8309.28
1,11,9,2,9,7,13,7,6,3,11,4,2,10,12,7,13,5,6,7,8249.48
1,3,10,5,7,8,10,9,7,6,2,4,3,6,13,9,2,8,11,4,8398.6
1,7,6,4,4,13,11,4,13,8,8,8,10,12,2,4,5,11,3,11,8296
1,8,6,4,12,8,8,13,8,13,12,7,11,11,10,9,9,10,13,7,8535.65
1,7,12,4,3,4,7,7,3,5,10,13,3,4,2,9,11,8,12,5,8433.93
1,7,5,12,6,6,2,3,11,8,12,6,4,2,11,6,7,2,2,4,8436.66
1,11,7,13,7,6,2,2,5,10,4,12,13,9,2,10,9,2,5,10,8362.79
1,6,10,7,6,4,6,6,12,5,2,9,4,11,6,13,10,5,2,12,8475.99
1,12,13,7,2,3,8,4,10,7,2,8,9,8,13,8,7,10,9,3,10903.39
1,4,6,11,5,5,4,6,11,4,12,4,9,11,10,3,10,3,4,6,8335.59
1,12,9,2,7,7,9,7,3,11,13,4,3,3,12,12,11,13,4,9,8391.48
1,2,13,13,9,10,4,8,10,4,4,6,5,5,7,3,5,7,8,6,10941.97
1,8,4,4,12,6,13,7,10,3,13,2,2,8,10,10,13,6,12,8,10866.76
1,9,8,10,8,3,4,4,11,8,6,7,2,7,2,8,3,12,3,8,8428.69
1,5,6,2,8,5,11,7,7,6,6,4,9,11,10,12,7,8,9,13,8366.83
1,7,10,13,6,13,13,2,3,7,4,5,8,2,2,5,5,11,3,10,8413.06
1,4,8,8,11,6,8,3,8,11,7,11,10,7,3,5,6,12,3,10,8256.54
1,5,7,13,9,5,12,11,7,2,2,2,3,3,5,13,8,12,13,9,8414.97
1,12,4,10,6,2,13,5,5,2,9,4,13,2,7,11,11,3,3,4,8430.3
1,2,12,13,9,11,7,10,6,8,12,12,9,12,11,13,5,7,3,2,8369.98
1,8,9,3,11,7,9,5,12,6,13,9,3,5,11,4,12,8,2,8,8360.92
1,13,3,3,9,9,12,7,12,5,9,6,4,5,7,4,5,3,5,7,10932.95
1,6,4,2,5,11,8,4,6,4,9,6,3,4,8,13,5,13,3,12,8363.12
1,9,8,12,3,4,7,7,4,6,6,5,8,5,8,6,2,10,7,3,10721.24
1,13,8,11,4,2,8,6,6,4,4,11,2,10,6,3,8,10,13,9,8309.07
1,13,8,6,13,2,2,8,6,13,7,11,13,4,13,6,5,8,12,8,8478.79
1,9,7,10,9,7,11,9,12,11,2,9,8,8,9,4,6,6,2,10,8419.78
1,8,7,11,12,6,8,7,7,2,4,11,4,6,12,10,9,7,8,9,8272.74
1,7,5,10,5,3,7,12,11,4,4,4,7,8,4,6,13,4,2,9,8427.02
1,3,8,11,6,2,7,8,2,4,9,8,4,12,13,9,4,9,2,2,8325.77
1,11,10,3,10,4,10,5,6,7,10,11,7,7,3,11,7,3,13,9,8293.25
1,3,3,3,5,3,13,8,13,3,6,7,12,12,10,2,8,3,10,8,10892.18
1,5,9,10,7,9,11,5,10,8,6,9,12,3,10,10,7,7,3,3,8415.36
1,7,6,13,6,7,8,10,2,11,10,6,9,3,2,8,4,3,8,7,8505.18
1,8,5,10,8,8,6,10,13,13,10,2,12,9,12,6,3,4,2,9,10684.56
1,9,4,13,12,11,3,5,8,10,8,11,8,3,3,3,11,6,2,9,8379.92
1,9,9,9,7,12,8,7,5,8,8,11,9,3,10,5,12,6,2,4,8417.92
1,12,4,10,10,7,7,3,4,11,13,7,10,4,8,13,7,10,10,13,8473.78
1,7,13,2,8,2,13,5,7,4,8,6,7,4,12,9,2,4,11,6,8445.18
1,13,8,12,12,12,4,9,11,13,4,5,8,12,9,10,10,13,11,8,8327.11
1,8,13,7,11,2,7,11,9,5,11,2,13,12,13,4,13,11,3,4,8380.97
1,13,4,5,4,13,7,6,9,11,2,4,11,7,2,5,11,6,8,5,8322.31
1,11,7,3,11,13,3,7,5,9,13,2,8,6,13,13,9,5,10,11,8290.71
1,5,9,6,13,13,11,8,8,8,6,3,3,8,13,5,12,5,3,8,8406.84
1,10,10,2,12,5,10,11,7,10,5,3,12,10,8,9,10,2,4,12,8474.78
1,2,4,6,2,6,4,7,11,3,11,8,6,12,2,12,9,9,9,5,8401.81
1,10,12,4,10,4,3,10,13,6,9,8,8,2,10,9,4,9,5,8,10900.05
1,8,3,9,3,12,3,4,13,7,6,11,5,13,11,4,3,9,12,7,8469.35
1,10,13,9,2,6,5,5,13,7,7,7,5,12,6,4,11,4,12,3,8450.32
1,8,8,3,3,4,3,4,5,4,4,10,13,2,2,6,13,6,7,2,11029.31
1,10,13,5,12,9,3,9,7,5,8,9,6,2,8,8,3,13,9,9,10866.37
1,7,13,6,6,12,10,4,2,9,12,4,5,3,13,8,10,8,12,6,10931.18
1,4,13,11,4,5,10,10,7,4,12,9,4,12,10,2,7,9,9,8,8372.42
1,12,9,11,10,9,5,8,4,13,7,3,10,10,4,9,7,8,6,6,8456.85
1,13,7,8,13,3,12,11,11,4,13,10,3,13,10,11,7,3,12,3,8300.25
1,9,5,8,6,8,2,7,13,9,11,7,11,11,8,13,3,2,3,7,8358.1
1,6,11,6,5,9,2,4,4,13,11,6,10,5,9,7,6,10,5,2,8388.94
1,13,11,11,6,3,3,11,7,4,10,8,8,3,2,3,13,12,12,3,8286.81
1,3,8,9,7,3,11,10,13,7,12,11,8,12,7,13,5,9,5,8,8531.85
1,12,8,11,13,2,12,8,2,8,3,7,4,4,9,2,4,3,3,11,8365.57
1,9,5,7,10,3,9,13,12,12,2,6,3,11,5,8,12,3,10,9,8498.03
1,13,12,7,7,10,3,3,6,3,12,3,8,5,4,3,5,4,12,4,10875.63
1,6,5,12,3,13,12,10,13,2,4,9,7,2,13,13,11,11,8,7,8383.29
1,4,12,3,9,2,3,6,10,11,7,2,13,12,6,3,2,11,7,6,8474.98
1,6,10,5,8,7,6,7,12,7,4,9,11,12,6,11,7,12,2,13,8384.54
1,7,9,9,9,7,2,2,4,5,9,7,3,5,13,4,2,11,8,2,8387.93
1,4,2,4,10,6,4,8,12,7,5,12,8,5,6,12,9,8,9,5,11398.76
1,12,4,11,6,8,13,7,9,4,4,8,4,10,8,13,8,12,3,8,8448.46
1,8,12,6,12,10,8,4,12,3,13,9,9,4,10,8,7,6,2,9,10873.39
1,2,7,4,5,12,9,4,13,13,10,5,9,9,3,13,5,4,9,12,10949.97
1,3,3,3,13,11,9,4,12,6,9,3,5,6,6,2,2,6,8,13,8373.65
1,11,3,2,13,10,3,6,10,8,7,4,8,9,5,12,10,13,10,11,8282.31
1,2,2,5,4,3,9,9,11,9,13,12,13,12,8,3,7,10,12,4,8461.4
1,5,4,13,12,11,9,8,3,8,8,11,8,4,5,6,11,8,7,2,8348.79
1,10,3,4,13,7,2,2,10,10,10,4,7,10,4,9,7,4,5,13,10988.15
1,4,5,10,10,5,9,3,3,7,6,2,3,3,5,3,8,12,13,12,10711
1,10,11,3,3,12,9,8,5,2,12,3,7,3,9,6,11,3,12,8,8256.21
1,12,13,11,7,13,8,11,2,11,6,10,12,12,7,6,8,3,4,5,8339.2
1,9,6,8,8,2,13,4,2,13,6,7,3,13,9,12,11,10,12,7,8498.05
1,9,2,8,8,2,13,3,4,6,9,11,5,7,3,13,4,3,5,12,8378.15
1,4,2,11,11,4,13,8,8,10,9,6,9,12,11,4,8,8,11,11,8310.81
1,11,4,9,3,8,11,8,12,5,5,4,4,5,3,3,3,5,6,6,8259.11
1,5,3,13,5,2,12,11,7,12,11,12,5,3,7,5,5,5,2,5,8309.92
1,12,2,2,5,8,11,13,2,7,12,6,12,2,6,2,13,11,8,11,8367.29
1,11,10,5,6,4,9,9,8,11,6,10,3,3,10,13,4,7,7,8,8308.04
1,12,8,10,9,3,5,3,10,10,3,11,13,3,8,7,6,5,13,9,8453.18
1,9,13,10,9,12,8,6,13,4,7,6,8,11,12,8,9,7,13,9,8510.16
1,8,13,4,9,9,8,6,13,13,12,6,5,11,5,12,10,11,7,2,8329.85
1,10,5,4,10,10,3,3,4,13,3,4,4,7,4,6,2,10,3,6,10900.89
1,8,10,2,5,6,3,2,10,6,12,13,5,12,11,7,2,10,8,13,8479.5
1,5,6,13,7,2,12,6,13,11,2,6,6,8,8,2,4,12,11,11,8381.79
1,13,3,4,5,11,9,6,8,10,4,2,5,4,6,13,4,3,3,10,8402.33
1,13,9,6,6,6,9,5,4,11,5,5,2,5,9,8,12,7,5,8,8379.81
1,9,7,5,12,6,4,13,6,2,10,9,6,9,11,4,6,8,7,3,8470.75
1,10,11,3,5,11,2,7,13,13,6,11,9,12,5,10,6,9,9,2,8285.69
1,8,7,10,5,4,9,2,8,3,10,4,6,12,6,6,5,2,5,6,10913.56
1,5,11,7,4,3,12,13,10,13,12,12,8,2,4,11,9,9,8,9,8230.67
1,3,8,3,9,2,10,4,13,10,13,2,10,13,12,9,12,7,3,3,10940.46
1,9,7,11,7,3,7,9,4,13,12,4,7,2,10,6,11,2,9,9,8513.65
1,8,12,6,7,2,7,2,6,2,6,8,10,11,5,3,2,4,13,8,8487.19
1,2,11,12,8,6,7,4,12,4,5,4,10,10,12,6,8,12,12,11,8366.83
1,4,7,10,9,7,8,5,8,10,4,6,3,9,4,11,6,4,6,13,8515.61
1,13,3,3,4,5,8,8,7,9,2,9,3,6,12,11,11,6,4,12,8335.95
1,9,12,8,4,8,6,10,12,11,11,4,2,2,3,7,13,2,5,6,8367.85
1,10,12,3,13,4,4,7,3,5,4,7,8,4,9,2,4,12,13,8,10899.44
1,8,13,10,6,12,4,13,3,10,11,3,13,9,6,11,3,13,2,10,8341.39
1,5,10,11,7,10,3,7,2,8,12,6,11,3,7,11,6,3,5,10,8286.79
1,13,7,13,10,10,6,10,5,13,8,13,12,10,6,9,3,6,11,3,8480.85
1,6,10,2,9,13,9,2,3,6,8,10,10,10,9,13,7,8,13,8,10798.81
1,13,7,11,9,5,4,3,4,6,12,4,2,10,8,11,9,9,10,3,8383.1
1,12,5,9,8,12,9,3,2,5,11,4,2,6,13,2,13,2,8,10,8449.55
1,7,5,7,9,9,6,7,13,13,3,5,2,5,5,13,4,11,13,13,8476.12
1,6,13,7,7,8,13,9,13,11,4,3,8,7,9,12,13,8,3,2,8375.55
1,6,9,13,4,8,2,7,4,6,11,6,7,6,6,6,6,7,10,9,8545.12
1,8,3,9,10,6,7,4,2,6,2,9,2,4,8,10,8,4,8,4,10870.26
1,4,9,11,3,8,12,11,13,2,6,9,10,2,3,2,4,2,8,2,8318.11
1,8,12,4,11,8,10,13,12,8,10,4,9,11,3,12,11,7,5,13,8376.61
1,12,3,8,4,10,12,8,6,8,7,8,2,10,2,12,8,11,10,12,8410.84
1,5,12,3,8,8,5,13,6,2,4,10,7,6,6,6,10,11,3,12,8523.57
1,6,3,9,10,10,10,6,4,10,5,2,5,10,10,11,8,8,5,8,8446.08
1,4,4,10,2,12,7,3,11,12,3,5,5,11,11,11,9,6,12,13,8362.58
1,7,11,13,5,11,2,9,4,10,7,9,2,9,4,9,9,6,3,4,8273.73
1,8,9,12,13,13,10,13,9,9,2,3,9,5,6,11,4,13,6,11,8450.65
1,7,10,3,9,9,7,9,8,9,8,8,7,9,6,8,12,7,4,8,10928.82
1,12,12,8,3,2,13,5,5,10,5,10,11,12,10,12,13,4,13,5,8442.61
1,12,12,13,8,8,11,13,13,4,11,4,13,3,7,8,3,13,12,10,8373.86
1,10,9,5,5,13,7,8,10,9,11,6,5,9,3,12,11,8,2,4,8313.89
1,6,5,5,10,8,8,9,11,3,6,4,5,12,11,4,8,11,9,12,8333.44
1,8,5,9,10,5,8,10,2,6,6,13,12,5,6,5,13,11,4,4,8451.23
1,12,11,5,3,5,8,5,12,12,12,12,12,5,9,9,4,5,5,8,8406.8
1,8,3,5,12,13,13,8,13,3,2,4,12,4,13,3,8,13,4,10,11005.45
1,6,13,8,3,12,12,8,12,2,11,5,3,4,10,6,10,4,2,2,8439.56
1,10,5,6,9,4,2,10,6,2,4,6,5,3,7,5,13,6,2,7,10828.72
1,5,11,3,5,5,13,5,7,6,6,9,2,13,8,11,5,4,11,7,8254.81
1,13,10,5,12,3,13,5,9,9,11,2,3,5,5,2,12,7,3,12,8394.88
1,13,11,4,10,4,3,9,9,10,4,4,8,12,4,13,10,6,6,10,8372.43
1,10,6,13,6,11,2,11,8,2,4,11,5,11,3,6,6,7,4,10,8398.17
1,3,11,12,7,2,6,11,3,6,9,6,6,12,10,8,12,13,3,10,8299.18
1,3,2,8,5,5,8,4,5,2,13,13,5,7,9,11,3,13,6,10,8472.24
1,5,6,4,6,2,6,6,10,8,9,8,9,6,5,5,5,8,3,7,11469.97
1,12,12,13,6,10,12,3,10,4,6,6,2,5,9,2,12,2,3,7,10951.54
1,4,13,7,3,12,7,9,4,2,11,3,10,7,5,12,6,8,9,13,8394.07
1,6,3,4,5,13,12,10,9,6,3,11,13,12,4,9,2,5,8,7,8480.95
1,9,13,8,2,4,6,6,8,12,8,7,9,8,5,6,5,11,8,5,8420.23
1,10,4,3,7,2,11,8,13,12,12,2,5,10,12,13,2,7,12,4,8388.69
1,8,10,13,7,2,7,5,9,5,13,5,9,5,11,8,9,8,13,2,8382.53
1,5,4,10,10,6,12,6,8,4,10,2,6,6,2,4,5,13,2,13,10723.71
1,3,8,13,9,12,9,9,3,9,9,4,8,13,4,2,9,12,5,10,10927.48
1,4,5,11,9,8,5,5,7,12,6,5,8,7,6,13,12,13,8,13,8336
1,5,8,4,10,6,5,4,8,13,4,9,4,12,10,11,4,9,4,7,8471.81
1,6,5,2,6,11,9,12,4,5,8,10,4,4,5,13,10,13,11,8,8363.46
1,13,10,2,7,12,7,4,8,4,11,3,5,7,5,10,4,7,8,5,8481.65
1,3,11,2,9,8,6,6,2,6,10,5,5,8,11,9,5,11,12,10,8275.79
1,4,8,3,8,13,9,9,10,2,5,2,13,12,12,10,2,4,8,11,8439.2
1,5,5,4,5,8,9,9,7,5,2,8,2,2,4,12,9,3,7,10,10748.96
1,4,12,12,4,13,10,3,3,3,11,3,6,13,4,11,10,4,3,12,8343.57
1,12,10,3,11,9,2,6,9,10,9,7,13,4,2,5,13,8,8,4,8458.83
1,2,9,10,5,8,7,11,11,5,6,11,7,12,5,8,6,7,2,12,8371.28
1,8,8,11,13,11,8,7,9,8,7,12,7,7,13,11,6,7,6,12,8246.85
1,9,9,8,9,11,3,8,6,10,13,4,7,5,10,10,8,9,5,13,8425.7
1,7,2,10,12,5,9,3,9,4,11,2,13,12,5,5,12,10,9,10,8433.21
1,11,4,12,2,7,13,7,10,6,3,10,7,7,7,10,2,9,5,11,8283.15
1,3,7,4,11,5,10,11,11,13,12,8,8,2,3,9,13,8,7,2,8269.75
1,7,7,4,4,7,6,4,6,13,12,3,6,8,8,12,9,11,3,8,8426.95
1,9,13,2,3,9,3,2,12,4,12,5,12,2,11,9,3,7,10,3,8465.67
1,4,13,11,4,3,2,7,6,10,6,8,5,8,7,3,6,11,5,7,8303.46
1,4,12,9,9,8,3,3,6,9,12,5,4,8,5,3,5,13,9,12,10899.05
1,2,2,5,10,4,11,8,11,12,5,6,11,9,9,4,7,3,10,2,8330.18
1,2,4,8,4,5,6,3,10,10,7,12,4,12,12,11,9,2,2,5,8478.1
1,8,8,10,7,13,9,6,7,8,12,7,9,6,5,9,11,3,9,7,8445.27
1,9,3,8,5,8,11,8,5,11,11,13,5,8,10,12,3,7,9,5,8362.28
1,3,4,13,2,10,12,2,11,8,8,12,13,8,4,11,10,5,4,4,8299.51
1,12,5,9,12,10,3,4,5,12,3,11,11,5,7,2,4,7,7,6,8392.09
1,7,13,2,2,4,10,13,13,3,6,13,4,13,8,10,2,5,7,9,10906.05
1,10,13,4,12,5,8,4,8,4,2,6,7,11,11,12,7,3,8,12,8397.82
1,11,13,13,7,11,7,2,11,10,8,6,5,2,13,9,2,5,5,13,8279.4
1,3,12,4,13,8,9,6,13,12,6,6,7,9,3,3,11,8,7,7,8590.42
1,4,2,7,2,13,2,8,11,6,4,11,6,13,11,6,5,12,7,3,8381.09
1,4,10,11,13,7,3,10,4,2,13,8,13,5,3,5,7,9,13,4,8321.23
1,12,12,11,8,11,11,9,6,12,10,10,7,8,6,3,10,2,6,9,8392.59
1,11,8,10,10,10,13,11,4,4,2,4,4,7,10,8,9,10,7,10,8305.69
1,7,5,3,7,10,3,6,3,13,8,12,4,4,13,10,10,13,11,12,8454.45
1,7,13,7,3,6,5,13,3,3,13,9,10,9,8,13,11,11,13,8,8273.54
1,2,8,4,11,10,2,10,7,13,4,5,12,2,6,9,6,5,11,9,8365.84
1,13,10,3,3,9,2,10,7,5,8,3,10,7,7,9,4,13,2,4,10898.33
1,4,6,13,10,13,12,5,8,12,6,10,3,7,5,3,11,6,13,5,8413.95
1,5,9,9,12,7,7,2,7,13,12,13,2,7,10,4,13,11,12,13,8420.47
1,6,12,6,3,10,10,4,2,7,4,12,5,5,9,6,7,2,5,6,11325.87
1,5,3,12,6,2,4,5,13,4,13,7,13,4,9,2,7,3,10,13,10950.65
1,4,10,8,4,9,8,9,9,4,10,11,2,3,2,8,2,7,4,4,8455.52
1,7,3,13,7,6,5,2,11,9,7,4,6,3,2,3,3,7,2,8,8436.51
1,5,10,10,3,10,2,2,8,4,4,11,6,12,12,13,6,11,6,13,8348.74
1,5,8,13,9,4,12,3,10,9,8,5,6,7,5,5,13,10,12,3,10890.8
1,12,12,10,13,4,4,3,12,13,2,11,5,6,12,12,5,13,10,3,8402.99
1,7,5,3,4,12,5,2,13,13,6,5,11,2,8,10,11,8,12,8,8344.97
1,3,5,8,2,2,7,2,6,3,6,5,10,5,6,8,3,9,5,5,11236.7
1,8,11,12,3,13,7,13,6,13,3,9,8,9,6,13,9,4,8,10,8329.01
1,11,13,5,5,3,4,11,6,11,12,2,7,5,10,10,7,7,2,6,8266.94
1,9,8,10,8,10,4,11,7,9,7,5,6,6,3,8,6,6,5,4,8488.39
1,6,2,13,12,6,5,7,12,4,12,3,8,13,13,11,8,9,3,9,8455.58
1,4,6,3,9,6,7,2,3,5,3,12,11,4,4,4,13,13,5,4,8401.34
1,10,3,11,10,6,6,12,10,9,11,11,4,5,9,8,13,9,8,3,8313.08
1,7,11,7,8,12,13,2,8,6,12,11,4,12,2,7,7,4,2,13,8307.24
1,10,13,13,10,9,12,9,13,10,11,11,13,9,8,6,10,12,8,7,8315.44
1,4,11,2,2,7,12,7,12,9,3,8,8,6,6,13,2,13,8,12,8330.21
1,3,3,11,9,4,10,2,6,8,4,5,5,11,12,2,7,13,11,8,8319.59
1,4,11,8,8,10,7,3,9,2,12,8,10,9,10,6,4,10,6,13,8333.28
1,9,8,12,10,9,3,13,12,13,5,11,10,10,9,9,2,10,10,2,8489.31
1,11,12,13,9,6,8,3,9,12,11,8,4,13,4,7,12,7,12,3,8286.35
1,12,5,13,5,7,6,9,2,13,9,11,8,10,8,8,6,13,7,10,8462.9
1,11,7,10,13,4,10,13,13,11,7,8,5,7,2,4,12,12,12,6,8254.73
1,2,4,5,4,9,12,13,4,6,11,8,7,13,8,12,5,6,6,5,8464.45
1,3,3,2,4,10,3,7,3,10,7,3,11,5,13,6,4,10,10,9,8524.52
1,11,6,3,6,9,8,3,6,5,5,10,13,12,4,4,11,6,12,10,8291.2
1,6,9,6,11,3,3,9,13,12,3,5,6,6,11,9,8,11,3,10,8322.62
1,11,11,12,12,6,10,7,8,5,11,8,8,8,11,3,12,2,13,6,8257.08
1,3,12,7,5,8,3,10,12,8,5,13,12,6,8,2,13,3,9,11,8536.64
1,5,2,8,8,8,8,12,12,11,3,4,5,8,4,3,13,10,11,12,8401.58
1,3,13,12,5,8,10,11,9,13,11,9,3,7,3,11,10,12,11,13,8352
1,13,4,6,3,8,2,8,5,5,7,11,3,4,6,9,6,13,13,12,8490.6
1,13,11,8,9,7,10,8,11,6,9,6,2,5,13,11,11,9,5,13,8288.84
1,8,7,13,9,12,6,11,10,3,6,7,10,6,6,4,9,4,7,2,8457.8
1,3,3,7,2,11,5,3,9,11,11,13,12,9,3,9,5,4,4,8,8291.71
1,4,13,4,8,3,12,10,7,8,6,8,3,9,7,8,4,11,11,5,8562.07
1,2,8,2,10,9,13,5,3,4,8,4,5,4,6,11,4,9,6,4,8485.58
1,8,4,12,5,3,11,12,2,10,7,6,3,8,8,3,3,13,7,11,8308.04
1,2,9,4,9,13,3,6,8,3,5,3,6,2,10,12,7,7,9,10,10721.32
1,11,8,4,13,7,12,12,6,11,13,10,11,4,10,7,12,8,6,2,8253.34
1,2,11,12,10,12,2,12,5,4,13,11,7,4,5,10,4,8,6,6,8316.86
1,11,13,10,2,2,2,9,5,10,8,11,2,12,6,12,7,12,11,5,8252.84
1,2,5,2,7,9,2,8,8,2,11,7,13,11,7,11,13,5,11,6,8469.87
1,2,2,10,10,9,13,10,5,6,10,8,7,8,3,13,12,4,2,13,10690.81
1,2,4,8,13,12,13,6,2,5,13,7,7,8,2,8,9,8,5,4,10854.71
1,9,11,2,9,2,12,9,13,12,13,9,5,2,2,2,10,13,11,4,8345.13
1,9,13,9,5,11,9,2,8,13,11,6,3,7,13,4,10,13,3,13,8314.43
1,8,3,11,12,13,9,5,9,8,9,3,5,7,11,4,2,10,11,12,8302.09
1,8,5,3,8,2,7,2,13,13,7,4,4,11,4,5,3,8,11,8,8491.62
1,6,2,12,4,4,9,12,2,5,6,2,13,11,7,6,9,9,12,4,8403.96
1,3,7,11,13,13,6,13,12,11,6,13,10,8,13,8,13,3,8,9,8317.29
1,6,3,7,13,6,2,8,9,10,9,10,4,13,5,13,8,7,7,8,10819.92
1,11,8,4,4,12,12,8,12,8,3,9,5,2,2,6,6,11,13,6,8248.7
1,13,2,12,11,10,2,8,6,4,10,13,8,13,10,4,12,12,6,3,8397.5
1,2,13,13,2,11,10,10,13,6,2,7,2,6,3,5,3,11,4,10,8370.43
1,6,8,4,9,6,11,9,12,5,12,13,9,13,13,4,4,9,9,7,8508.13
1,10,5,5,10,8,12,3,11,4,6,7,5,11,7,7,11,13,8,7,8390.38
1,10,8,8,13,7,11,9,2,11,11,2,9,10,8,13,5,5,11,3,8340.59
1,6,12,13,8,11,8,2,5,10,8,8,13,6,4,10,2,6,8,5,8451.86
1,2,2,4,7,4,9,4,12,5,11,10,2,10,13,3,7,9,3,2,8526.93
1,13,2,11,12,12,4,9,12,12,3,8,12,2,6,3,5,2,9,2,8366.5
1,9,10,12,10,11,7,5,3,10,7,2,10,2,12,7,2,7,11,12,8343.29
1,10,8,6,11,4,3,11,5,12,7,2,8,11,12,13,6,5,4,10,8311.56
1,6,3,8,9,3,13,13,7,12,10,2,5,8,8,6,13,9,4,13,10715.86
1,6,11,6,9,2,7,6,9,10,4,5,11,6,5,4,3,11,10,7,8387.28
1,12,12,12,4,2,10,10,9,8,5,9,4,10,5,6,11,12,12,8,8522.86
1,13,4,9,4,4,10,9,13,8,11,3,2,8,8,10,13,13,6,13,8393.7
1,9,6,5,4,13,4,2,7,5,12,13,4,9,9,8,7,10,11,7,8532.72
1,12,4,11,12,10,10,9,2,9,8,5,12,4,6,3,7,11,13,5,8316.21
1,5,6,9,10,11,10,2,8,9,11,8,11,13,12,12,3,7,9,6,8335.06
1,2,2,10,12,13,12,6,5,9,3,7,8,12,3,4,7,8,13,2,10936.88
1,10,5,2,5,11,6,9,10,10,13,11,7,11,3,3,8,4,9,11,8307.15
1,12,4,2,9,2,3,5,4,9,3,10,4,5,9,8,3,10,5,6,10935.3
1,7,8,5,9,10,11,4,12,4,8,9,8,7,5,3,2,4,9,5,8368.46
1,2,13,10,10,5,2,11,9,12,11,12,10,8,3,5,7,5,11,4,8357.91
1,2,7,7,9,8,6,7,10,6,7,8,2,5,4,11,13,7,13,2,8550.63
1,12,7,2,3,5,13,3,6,12,7,3,5,7,11,5,2,11,11,3,8412.93
1,13,5,9,6,10,5,12,13,7,7,11,2,9,13,10,12,12,3,11,8571.8
1,5,9,7,6,2,8,7,8,11,13,5,2,12,11,4,3,5,7,8,8443.11
1,5,12,7,12,5,6,10,12,12,10,8,4,7,11,8,5,11,7,13,8542.25
1,4,5,10,3,12,7,6,8,4,2,3,6,10,11,2,4,2,10,10,8507.09
1,13,6,8,5,10,9,11,8,12,10,12,6,5,9,8,13,2,7,6,8381.75
1,10,9,6,10,13,13,7,9,3,13,11,3,3,10,10,8,13,8,4,8373.01
1,10,9,4,7,13,2,11,5,11,12,9,9,7,5,11,4,11,2,8,8303.44
1,4,2,2,3,7,7,8,8,5,10,6,6,7,13,6,8,4,9,12,10952.19
1,3,7,8,11,3,12,5,9,8,11,13,6,10,8,10,10,9,2,7,8273.34
1,3,4,9,8,5,5,12,12,12,13,4,9,11,2,2,3,3,10,7,8606
1,4,2,7,3,12,4,6,3,5,3,12,7,11,8,3,13,10,9,8,8531.16
1,3,8,3,5,7,5,5,3,11,10,2,7,3,8,8,8,9,11,10,8496.5
1,6,4,13,6,8,7,12,7,7,11,11,4,11,9,4,9,5,4,13,8381.03
1,9,13,3,4,4,7,11,12,9,9,8,8,4,8,5,9,5,7,9,8499.66
1,12,12,13,12,13,13,9,2,5,7,5,6,12,11,8,6,13,2,4,8414.34
1,6,7,11,6,9,9,6,10,4,5,4,8,9,4,11,9,11,4,12,8349.28
1,4,6,7,9,4,8,4,2,5,10,8,10,10,9,10,9,4,3,6,11454.55
1,8,10,7,13,4,8,10,4,8,7,9,13,7,12,10,6,13,12,7,10908.49
1,13,4,10,9,12,5,12,9,13,4,10,5,9,7,9,11,2,2,3,8415.65
1,7,2,8,4,7,2,8,5,13,9,5,10,11,7,6,6,5,10,13,8483.68
1,7,12,4,3,4,6,11,12,2,13,8,12,3,4,5,3,8,11,5,8430.46
1,10,4,3,3,9,2,4,13,6,8,10,13,9,11,5,7,10,5,10,8401.72
1,10,9,13,6,9,9,13,4,3,12,8,12,7,8,13,9,13,9,9,10695.79
1,2,13,5,7,8,5,7,10,2,7,13,8,6,10,9,4,8,8,6,10936.21
1,10,13,11,9,2,9,12,6,7,8,4,8,10,7,3,5,4,10,8,8369.94
1,7,12,7,10,5,6,11,4,7,2,10,3,10,8,13,2,8,6,11,8396.75
1,13,8,3,7,11,8,3,11,2,3,5,11,10,6,6,5,3,7,7,8371.25
1,2,12,8,6,11,10,2,13,8,6,5,11,13,2,8,4,9,13,5,8473.29
1,5,8,10,10,10,3,4,3,3,12,8,12,6,7,12,11,4,10,4,8533.53
1,4,13,3,3,11,4,4,10,9,11,7,13,4,4,7,4,8,5,2,8284.52
1,4,11,7,12,10,7,9,8,6,2,11,7,13,5,12,2,6,9,13,8305.69
1,11,13,4,2,8,6,5,11,9,13,3,13,6,3,3,2,8,4,13,8278.31
1,10,6,5,4,6,4,9,13,4,9,2,5,5,4,4,10,8,7,10,10819.73
1,6,4,5,5,12,3,2,13,6,9,11,8,6,12,12,13,13,13,8,8442.73
1,7,9,10,13,2,7,4,3,9,12,6,13,5,13,6,3,7,8,3,10944.68
1,3,6,9,11,12,5,10,8,11,10,2,2,11,11,10,2,8,9,10,8381.74
1,2,3,2,10,6,8,8,5,4,5,6,2,8,5,9,6,5,5,7,10825.31
1,8,4,11,12,11,4,2,12,12,10,9,8,6,8,8,13,12,3,5,8243.85
1,2,9,12,6,8,10,8,13,2,5,10,11,8,10,3,5,9,3,3,8413.05
1,8,9,10,6,11,6,4,4,4,5,5,10,13,8,4,4,2,10,11,8544.4
1,2,4,13,9,6,12,3,2,13,5,6,13,12,3,9,2,9,8,8,10901.69
1,13,7,10,13,12,9,13,2,12,5,2,7,2,11,10,12,4,5,11,8516.4
1,13,11,13,4,12,6,3,12,4,7,5,10,3,5,9,2,3,11,5,8283.18
1,7,9,13,2,9,4,12,3,9,5,4,13,11,6,9,3,12,8,7,8381.31
1,7,13,3,6,2,6,11,8,12,12,3,5,13,4,8,4,10,5,9,8422.98
1,11,12,11,9,11,2,13,5,3,7,5,13,12,11,10,13,7,11,9,8278.66
1,7,9,8,11,10,6,11,12,9,2,11,7,2,13,3,3,2,2,12,8295.82
1,12,10,2,6,11,12,10,2,3,7,5,4,13,8,8,9,11,10,11,8313.39
1,11,7,10,7,10,4,7,5,7,7,2,11,12,11,10,2,12,9,12,8254.46
1,12,10,10,3,11,7,13,2,11,10,9,11,13,2,12,12,12,3,10,8328.12
1,13,6,13,4,9,2,2,7,10,8,13,5,9,4,2,7,8,5,4,10902.32
1,6,9,2,9,3,8,2,9,7,12,9,6,2,2,12,12,3,2,7,11285.52
1,2,6,12,5,9,7,2,13,5,9,7,5,11,13,10,6,3,12,7,8469.61
1,3,3,3,3,8,13,10,6,9,12,7,6,2,8,8,13,3,4,3,10896.47
1,5,3,3,2,10,11,6,12,6,11,12,12,9,3,6,3,11,5,13,8366.54
1,2,4,7,10,11,2,4,13,9,10,3,7,10,9,12,10,8,6,2,8411.38
1,6,5,3,13,8,8,11,5,10,5,7,6,13,3,12,3,8,3,7,8390.36
1,5,12,2,13,13,13,10,5,5,5,3,13,6,13,11,8,2,11,2,8415.38
1,8,12,3,4,10,5,4,13,10,2,6,8,10,2,11,10,4,7,13,8509.91
1,4,4,4,7,2,5,2,2,7,5,4,12,5,2,13,13,12,2,13,10922.44
1,7,11,6,4,8,6,7,10,4,7,2,3,12,7,13,4,11,10,8,8271.7
1,8,8,2,9,3,2,10,2,11,2,13,13,13,9,5,5,12,5,2,8407.42
1,6,6,9,5,2,9,5,11,5,4,8,3,13,3,3,5,7,10,10,8465.6
1,11,2,2,12,5,2,10,9,7,6,2,4,13,9,9,10,12,10,9,8354.35
1,11,3,2,5,13,10,6,12,8,2,13,10,4,13,12,6,8,10,13,8348.87
1,5,13,5,13,2,12,6,9,5,7,13,12,6,11,3,7,5,13,2,8466.27
1,13,6,13,3,10,7,7,10,12,5,3,9,2,5,9,8,13,4,12,10900.25
1,12,12,11,12,3,3,6,12,12,13,8,2,8,11,7,5,3,2,3,8314.2
1,10,7,13,8,6,7,2,10,4,6,4,3,7,7,9,2,6,11,4,8465.64
1,4,4,3,2,6,3,8,4,11,2,9,10,13,8,13,5,8,5,13,8403.57
1,7,5,2,13,6,2,4,3,10,10,11,6,10,9,5,13,7,3,5,8553.94
1,10,9,13,2,5,3,2,6,6,5,13,4,13,13,9,11,9,5,7,8502.62
1,13,6,4,10,7,6,13,10,13,3,8,8,2,13,13,2,13,8,12,10866.87
1,11,6,3,10,3,10,6,3,5,3,6,7,3,12,4,8,11,10,3,8295.77
1,13,11,13,11,7,5,2,9,9,5,3,8,10,7,12,9,5,12,11,8282.68
1,2,12,7,5,8,4,12,5,5,2,6,10,12,2,11,9,6,10,10,8548.05
1,5,6,11,11,3,11,4,13,12,8,11,6,2,6,6,8,7,8,7,8395.66
1,8,8,12,6,11,6,10,7,6,13,6,11,4,8,7,13,7,5,2,8493.91
1,11,2,4,2,9,8,7,5,2,8,8,13,7,13,3,5,4,5,2,8367.24
1,12,9,2,2,13,2,5,12,6,13,4,10,4,5,5,2,13,9,12,10902.06
1,10,13,4,4,8,10,9,6,2,4,11,9,6,8,12,12,7,7,5,8461.68
1,3,11,10,2,6,12,7,12,4,7,8,2,7,5,2,5,10,5,11,8268.63
1,2,2,2,3,13,7,2,12,2,10,5,13,13,10,5,8,5,4,9,10868.56
1,3,11,10,3,3,5,8,9,10,10,5,4,2,12,2,2,3,13,2,8331.38
1,8,13,11,11,5,3,2,2,10,6,6,7,7,5,2,11,11,7,10,8371.1
1,7,8,10,11,4,6,11,7,8,10,3,10,3,8,4,2,13,10,5,8322.08
1,7,5,8,4,13,12,10,7,6,3,13,4,11,5,7,7,3,5,7,8452.01
1,8,6,4,10,10,4,4,10,10,5,9,11,12,9,4,3,12,13,11,8311.66
1,4,6,4,3,10,10,12,11,11,3,6,2,8,9,7,13,8,2,11,8366.66
1,5,5,6,13,10,7,5,11,8,8,12,12,9,11,3,6,2,3,13,8312.05
1,6,9,5,4,10,11,7,5,8,7,6,2,4,4,4,6,6,6,3,8508.54
1,4,9,5,9,6,5,9,10,3,12,6,6,12,4,4,11,8,4,13,8453.78
1,8,10,13,5,6,6,7,12,9,5,6,10,11,9,5,4,3,7,12,8463.66
1,8,9,3,8,3,5,5,7,12,11,10,6,8,12,2,7,3,10,11,8327.45
1,9,4,12,9,2,2,3,8,4,7,8,8,6,10,9,9,10,6,11,8567.39
1,13,7,11,9,13,9,5,10,6,12,13,5,3,8,2,9,8,4,6,8449.7
1,7,13,2,9,7,12,10,11,3,10,3,8,11,7,2,2,13,11,7,8288.01
1,10,8,10,5,9,11,10,9,6,2,4,2,13,7,5,3,5,3,6,8522.77
1,11,2,9,3,8,5,5,3,12,8,5,3,8,11,13,6,12,11,2,8293.61
1,10,2,2,3,3,3,11,2,9,13,6,5,8,10,6,6,2,7,2,8478.2
1,2,11,4,9,12,4,13,10,5,13,9,12,4,3,7,9,5,6,8,8385.4
1,2,13,8,5,9,12,6,2,6,7,5,9,8,8,5,11,8,13,8,8453.63
1,7,3,12,10,12,2,7,11,5,5,7,8,9,3,13,9,3,11,5,8450.05
1,13,2,6,7,3,13,11,10,7,13,3,6,11,5,13,11,9,12,13,8305.01
1,11,10,6,13,10,6,3,3,9,3,13,6,6,8,8,10,9,2,5,8324.7
1,3,3,4,7,10,8,9,6,9,7,5,6,11,2,6,2,8,10,8,8630.52
1,10,4,11,8,11,3,3,9,9,4,5,6,9,13,8,8,3,10,6,8259.04
1,2,10,3,10,8,7,13,11,2,11,7,9,6,4,5,5,11,3,12,8351.71
1,9,2,6,5,5,3,12,4,11,9,8,6,3,3,11,9,12,3,7,8386.52
1,7,2,5,13,10,3,6,2,11,10,5,6,6,12,4,11,8,10,5,8361.2
1,7,8,12,8,8,5,5,11,9,8,4,13,7,5,8,4,4,5,4,8455.9
1,10,8,4,11,3,4,13,7,13,2,4,5,3,7,3,6,11,5,6,8266.8
1,10,13,11,2,9,5,9,6,7,11,2,13,8,7,12,6,6,8,3,8270.53
1,4,8,2,8,13,6,2,13,11,2,12,9,2,9,13,10,10,11,9,8326.32
1,3,11,7,4,10,13,11,10,5,4,3,6,8,8,6,10,7,4,9,8251.66
1,8,4,2,4,8,3,4,12,3,6,7,4,11,6,2,6,11,7,10,8489.02
1,9,9,10,10,13,3,8,3,5,3,6,13,8,3,5,10,13,10,13,10762.86
1,12,3,13,2,7,7,13,11,2,7,6,6,11,3,7,6,11,12,11,8368.62
1,8,6,12,8,7,2,12,11,10,6,4,2,5,5,8,2,5,10,12,8453.42
1,13,5,9,11,8,4,5,11,3,10,9,7,7,10,5,4,12,9,6,8280.14
1,11,6,2,8,12,11,6,6,13,10,3,5,10,12,7,12,3,3,8,8228.11
1,4,12,11,6,12,6,4,10,8,12,12,13,4,9,6,2,12,2,11,8360.68
1,5,12,12,5,7,12,7,8,9,2,11,5,6,5,10,11,7,2,7,8573.91
1,11,8,2,2,7,3,2,9,9,4,12,11,11,6,2,5,10,12,8,8241.7
1,9,8,11,4,13,13,5,6,8,7,2,9,6,3,2,9,2,6,6,8415.04
1,5,3,3,2,13,5,5,2,10,4,3,9,12,6,7,11,12,8,9,8461.83
1,4,2,2,4,13,9,11,10,13,5,13,12,11,3,10,10,7,10,11,8315.46
1,13,7,2,4,12,8,4,6,12,7,10,5,13,7,3,3,7,3,7,10929.28
1,10,6,9,6,2,10,6,2,12,2,12,3,2,12,11,6,6,7,2,8515.79
1,10,10,5,7,9,5,8,10,8,7,4,9,13,8,10,12,8,3,13,10902.15
1,9,12,11,12,9,9,13,5,13,10,11,3,8,9,7,13,11,7,6,8329.69
1,13,9,4,12,12,11,2,13,11,12,11,11,6,10,11,11,2,7,10,8317.59
1,7,12,6,12,5,13,2,5,11,9,10,13,6,9,4,3,3,3,7,8398.96
1,3,10,11,6,9,11,10,7,7,8,7,5,2,5,12,2,4,11,6,8278.23
1,11,9,10,12,6,8,3,12,8,8,13,4,11,4,2,8,12,2,4,8244.13
1,4,5,12,7,10,3,5,10,7,12,3,2,4,4,9,9,2,8,7,11095.48
1,2,3,4,9,2,5,9,11,8,3,2,9,8,12,2,4,9,2,4,8478.58
1,2,5,3,8,10,13,12,9,13,8,11,6,13,13,2,7,9,5,5,8465.89
1,13,8,2,12,8,7,4,10,10,8,7,12,8,8,3,2,7,13,7,10910.33
1,3,9,5,7,3,9,2,5,13,12,9,8,9,10,2,9,11,4,4,8416.62
1,4,12,8,9,2,5,9,6,8,5,8,10,13,10,3,10,11,3,7,8467.74
1,10,7,2,10,13,10,7,3,11,4,4,9,4,4,10,3,10,7,2,8469.99
1,9,6,11,10,6,5,11,10,8,9,3,6,12,13,2,7,7,7,10,8453.11
1,3,8,12,2,2,11,6,5,9,10,3,11,12,2,12,13,2,3,11,8410.74
1,4,6,6,7,10,9,12,8,11,2,11,6,5,13,11,3,4,7,13,8414.98
1,4,6,6,11,11,9,13,4,11,8,10,4,3,9,4,7,9,5,10,8330.31
1,12,2,13,7,12,8,11,10,6,3,8,9,13,6,2,10,5,2,2,8442.21
1,11,2,9,12,11,11,3,9,13,5,3,5,6,2,2,4,10,5,10,8282.95
1,3,10,7,6,13,2,7,5,6,7,12,11,6,4,11,11,4,13,11,8317.88
1,11,3,11,9,10,3,6,12,2,6,12,13,11,4,7,12,8,10,11,8242.58
1,12,4,5,3,2,3,10,7,9,7,3,3,3,6,13,13,12,11,2,8428.63
1,3,9,9,6,5,3,7,11,3,6,11,7,7,13,7,2,10,12,4,8610.73
1,2,3,2,3,5,11,11,5,10,13,11,12,2,7,6,10,12,10,13,8389.99
1,2,2,10,6,5,11,3,11,9,8,12,9,10,2,11,11,10,3,11,8386.96
1,12,7,3,13,2,2,5,6,10,3,9,10,3,11,11,13,3,12,7,8402.49
1,7,7,9,8,6,13,8,13,2,4,7,11,11,5,4,6,3,10,10,8409.29
1,9,6,7,10,10,2,10,7,12,4,13,3,11,4,5,8,8,9,4,8397.22
1,13,4,9,2,7,5,8,2,10,2,12,8,9,4,2,5,5,12,7,10904.99
1,7,7,6,6,8,5,11,11,2,10,10,2,9,4,11,5,11,2,10,8366.06
1,5,4,5,9,11,3,5,10,8,8,12,8,9,4,11,7,9,10,3,8377.38
1,5,12,11,2,7,2,11,8,9,4,5,7,8,10,12,6,6,9,7,8454.41
1,5,9,9,4,7,7,13,7,5,12,5,11,9,2,10,4,9,2,10,8388.82
1,12,6,7,9,5,8,8,10,4,2,2,2,9,6,3,12,9,6,3,10955.94
1,2,8,6,9,13,2,6,6,9,12,10,7,4,13,8,13,13,6,3,10778.43
1,8,5,7,7,4,12,11,11,12,6,12,7,10,8,12,2,6,7,11,8322.6
1,6,11,6,7,5,8,12,12,9,8,5,5,7,9,7,12,8,12,11,8409.43
1,8,8,13,5,11,8,4,8,13,12,6,13,3,9,5,9,6,2,6,8377.5
1,4,13,6,5,2,8,12,4,9,12,4,9,6,12,2,3,6,8,12,10872.3
1,5,2,6,4,5,3,3,7,10,2,6,9,5,11,7,3,10,8,12,8454.41
1,12,8,11,11,7,10,9,3,12,13,8,13,7,11,8,9,5,8,9,8323.6
1,6,5,6,4,4,4,3,13,2,4,11,9,3,5,7,13,9,2,2,8421.09
1,3,13,3,8,13,2,3,9,3,4,10,13,10,10,3,9,10,8,6,10974.3
1,13,13,13,6,11,11,7,9,8,6,9,4,9,10,5,3,2,3,5,8403.78
1,10,13,2,8,6,5,7,5,10,3,13,10,12,11,5,6,11,2,12,8323.56
1,10,6,13,11,12,9,2,3,6,2,8,9,9,8,8,10,5,7,11,8326.37
1,9,12,6,13,3,11,8,11,3,7,13,8,6,8,4,10,11,10,13,8372.93
1,11,9,12,6,5,9,11,9,11,8,7,4,6,3,7,6,3,10,3,8264.5
1,12,2,5,7,2,9,9,8,6,9,4,2,2,11,8,2,5,13,4,8411.98
1,10,9,7,5,4,10,3,13,9,12,3,8,6,10,7,6,3,11,5,8493.65
1,4,3,6,2,2,3,5,6,8,11,9,4,3,6,11,2,6,2,3,8478.85
1,6,2,3,3,8,3,3,4,6,8,6,13,13,10,7,6,7,11,3,8524
1,9,7,9,5,9,3,2,7,7,3,13,8,13,3,5,4,10,8,12,10731.12
1,10,5,10,10,11,13,5,5,6,13,12,10,4,12,7,13,4,12,13,8353.38
1,6,3,13,9,11,7,9,4,7,11,5,5,5,8,3,11,12,11,5,8310.34
1,10,13,2,13,3,8,9,13,9,7,7,9,7,5,10,4,7,8,4,10903.9
1,13,5,11,10,4,6,11,10,5,5,5,10,11,10,12,7,9,9,3,8286.03
1,7,12,9,2,3,2,2,8,2,13,9,6,6,10,10,10,12,8,10,10872.47
1,8,13,13,11,13,8,7,11,11,7,11,3,2,6,11,4,8,13,9,8281.84
1,4,12,13,11,5,3,9,3,9,4,7,11,13,4,7,13,11,10,4,8366.4
1,6,4,5,3,10,13,12,11,12,13,2,4,2,7,10,11,5,6,12,8381.74
1,2,11,9,7,7,6,3,13,11,9,10,5,12,4,7,10,5,6,11,8362.66
1,13,8,13,5,11,12,11,2,9,9,10,7,9,7,6,9,12,13,10,8310.64
1,2,3,13,5,9,2,10,7,5,9,7,8,12,11,10,6,5,7,7,8477.45
1,2,13,8,13,7,12,9,13,7,13,8,10,11,7,5,10,13,3,11,8366.63
1,6,8,5,9,4,13,3,2,2,7,5,3,3,6,13,12,10,5,12,10743.62
1,10,5,5,2,13,8,2,3,12,8,10,3,6,3,4,7,5,7,12,10907.55
1,7,6,4,3,5,5,11,13,12,10,11,7,10,10,8,9,2,6,3,8308.79
1,5,3,9,4,7,5,13,11,4,4,5,8,5,8,9,7,9,7,11,8333.09
1,7,10,13,7,13,12,2,7,12,12,4,3,8,3,8,13,12,9,6,10884.2
1,13,4,7,12,12,11,13,9,12,12,10,11,9,2,3,8,6,10,10,8317.96
1,5,12,7,10,9,8,8,6,4,5,4,5,5,10,11,11,4,12,2,8455.61
1,10,10,13,6,6,11,13,11,6,3,10,12,13,10,2,8,7,13,11,8303.15
1,9,13,9,11,12,6,7,13,12,3,13,11,13,2,2,3,11,10,10,8347.64
1,12,7,11,7,13,11,13,7,4,10,5,13,4,4,8,7,12,13,8,8374.75
1,11,13,13,9,5,8,4,7,6,6,5,9,6,7,11,9,4,8,10,8238.55
1,11,3,7,13,8,11,5,10,5,9,11,10,6,10,10,13,6,13,7,8254.55
1,9,4,5,7,12,7,3,9,10,6,8,2,12,4,12,5,5,8,6,10678.82
1,7,3,11,3,8,5,3,10,2,6,12,11,8,3,8,13,6,5,3,8263.2
1,2,11,5,11,11,12,12,3,11,5,11,11,6,13,2,13,12,9,4,8300.89
1,13,3,7,13,11,12,5,11,13,3,3,12,4,4,9,7,7,11,5,8272.04
1,8,13,3,6,9,5,5,7,6,3,13,7,6,11,10,5,2,11,10,8375.75
1,2,12,4,11,7,8,8,2,12,9,3,5,10,10,10,9,11,9,7,8377.46
1,10,10,8,3,12,13,11,3,11,6,9,10,8,13,9,4,9,2,9,8406.47
1,4,11,4,11,12,3,6,8,3,5,4,4,3,12,4,12,9,13,3,8253.3
1,12,6,11,3,10,5,13,2,12,12,11,13,7,3,9,5,12,4,4,8381.24
1,8,3,8,3,11,10,11,7,11,11,2,5,9,5,4,11,7,10,11,8335.03
1,4,6,11,10,7,11,6,2,10,5,5,2,10,3,7,4,5,11,7,8407.08
1,8,9,12,8,9,7,6,13,2,13,11,11,13,10,8,6,4,6,8,8346.29
1,11,8,9,11,7,4,3,10,12,13,9,4,5,10,3,6,3,7,11,8234.77
1,5,12,11,7,3,2,6,10,2,4,10,5,7,3,12,8,2,2,2,8466.88
1,9,2,8,6,2,8,12,2,2,12,10,8,7,13,12,12,4,6,7,10717.88
1,9,5,6,6,7,6,5,2,7,7,11,3,12,10,8,7,2,13,11,8365.78
1,5,5,8,2,13,4,6,7,4,4,3,9,12,10,10,9,4,5,9,10857.56
1,12,5,4,10,8,5,12,9,12,9,8,11,7,5,12,2,8,9,13,8402.17
1,13,9,10,11,5,13,8,9,6,5,10,4,9,9,12,12,2,9,8,8372.12
1,5,6,11,10,4,5,8,13,12,9,12,8,9,5,5,9,2,7,11,8389.03
1,5,7,4,7,3,5,9,11,11,9,8,12,6,3,7,10,11,9,12,8327.23
1,13,7,5,11,8,5,12,3,6,2,2,4,9,10,13,11,8,12,4,8294.02
1,4,10,6,3,12,11,12,13,6,4,12,6,2,12,7,3,9,10,6,8434.22
1,12,10,12,6,13,13,8,5,10,10,2,12,6,2,6,7,6,4,3,10921.12
1,13,13,4,3,8,2,3,4,6,6,8,4,9,9,8,8,8,11,11,8329.05
1,2,8,11,2,13,8,12,3,8,5,4,8,6,6,10,11,7,13,13,8377.37
1,6,8,2,3,10,9,3,9,3,2,5,4,7,5,3,5,11,10,2,8550.97
1,7,5,6,8,13,7,6,6,9,11,6,11,8,7,12,11,9,8,5,8272.96
1,3,8,4,2,5,10,2,4,10,2,9,10,9,12,2,2,11,13,10,8556.02
1,3,2,5,9,10,13,8,3,5,9,7,2,11,9,8,11,9,3,7,8410.05
1,5,12,13,2,7,2,7,7,11,9,12,13,4,6,8,11,7,6,13,8521.74
1,6,5,3,2,7,7,11,8,9,11,13,6,2,4,10,9,9,9,6,8343.87
1,13,3,12,2,12,6,9,10,13,3,2,5,5,8,4,3,10,8,9,10876.1
1,4,7,12,8,5,8,5,12,9,6,5,8,6,12,7,11,6,3,13,8518.98
1,10,7,6,8,6,6,13,13,3,12,4,3,5,11,8,10,11,3,5,8280.53
1,13,6,9,6,10,4,5,8,13,2,12,6,6,8,4,10,7,5,11,8415.95
1,10,10,8,13,8,11,8,9,11,3,12,9,13,6,13,2,11,3,3,8316.15
1,8,11,7,4,9,10,5,3,6,6,8,3,9,12,3,2,4,12,11,8274.11
1,10,7,2,5,6,12,9,7,8,9,11,5,4,12,2,8,8,5,5,8454.02
1,3,5,8,2,4,2,3,5,6,2,11,13,12,6,12,13,12,11,10,8421.46
1,13,12,8,11,4,7,12,6,7,4,12,4,9,10,2,8,4,5,7,8410.64
1,12,4,4,4,11,9,6,11,12,12,3,6,3,10,12,2,5,2,3,8340.02
1,11,10,10,12,4,5,8,13,12,5,13,3,10,2,3,4,12,2,7,8323.56
1,12,4,2,13,10,8,9,10,3,5,3,12,8,10,7,2,5,6,9,10896.73
1,11,3,3,10,3,5,12,6,9,10,5,6,13,7,13,6,2,2,2,8339.17
1,2,9,12,11,12,10,10,12,4,10,9,9,8,7,7,5,4,2,12,8433.51
1,7,2,9,4,11,3,13,4,10,9,12,5,3,6,5,10,8,8,13,8354.63
1,4,7,7,8,3,6,12,13,6,7,11,12,9,2,12,5,3,11,5,8371.98
1,12,3,5,13,8,7,9,5,12,9,8,5,7,7,6,3,12,10,6,10918.22
1,9,7,2,6,5,9,10,5,4,3,10,8,8,9,10,9,10,12,5,10756.19
1,11,11,13,5,6,10,9,6,8,8,6,2,5,8,6,13,8,12,2,8288.64
1,4,9,7,3,2,13,8,2,2,7,8,3,11,13,4,11,9,5,3,8431.58
1,11,5,4,13,4,7,11,2,11,12,6,13,2,5,7,7,12,13,2,8285.64
1,10,10,6,6,5,6,10,4,8,7,9,12,9,3,12,11,6,8,8,8498.73
1,10,11,8,11,4,11,7,3,9,11,10,10,2,12,9,10,3,13,4,8283.46
1,5,11,13,4,3,2,5,10,5,6,9,10,7,10,11,3,9,3,10,8240.92
