1,7,2,4,6,7,13,5,13,6,10,2,4,6,9,10,9,7,13,13,3100.37
1,7,7,6,12,10,3,9,4,8,13,5,12,6,4,7,2,10,10,9,3121.04
1,12,3,3,6,7,3,10,3,11,12,9,13,2,4,4,4,3,11,9,3140.42
1,11,7,10,13,13,10,12,2,8,8,6,4,2,2,6,6,5,8,3,3069.56
1,12,6,6,12,8,13,3,11,4,8,6,8,8,10,10,10,11,6,2,3162.21
1,4,6,12,11,4,11,3,5,9,3,11,7,11,9,11,4,13,8,3,3129.02
1,5,2,11,2,7,4,6,11,9,11,10,3,4,9,9,5,11,5,9,3135.01
1,7,2,7,13,4,10,2,13,11,5,7,5,11,2,7,3,11,5,3,3172.46
1,12,8,3,2,2,3,11,5,2,8,6,3,10,6,3,10,9,5,3,3163.39
1,2,3,3,2,10,2,8,12,3,5,2,2,3,2,3,13,12,11,8,3169.35
1,3,9,6,2,11,7,10,7,5,9,4,6,3,7,3,7,12,3,10,3121.31
1,12,3,3,6,6,10,8,6,5,4,4,4,3,5,10,4,7,9,13,3098.89
1,13,6,13,9,4,13,3,9,7,10,2,10,5,11,3,8,2,10,10,3148.54
1,6,8,12,10,10,6,7,3,9,7,7,8,4,7,9,13,4,9,10,3107.68
1,8,6,11,4,8,4,9,11,4,2,13,3,13,5,6,4,3,11,6,3131.22
1,8,8,11,7,4,13,6,4,3,10,10,13,2,4,9,4,3,5,6,3082.34
1,3,4,2,12,13,12,8,10,7,8,6,3,7,10,2,12,4,7,9,3091.63
1,11,2,9,11,10,2,8,2,12,6,9,13,6,2,7,8,4,11,4,3116.12
1,8,13,7,12,7,10,2,9,3,12,10,4,4,8,2,4,4,6,9,3083.67
1,11,6,12,4,2,13,13,12,5,5,2,10,4,6,3,8,4,12,4,3069.26
1,5,10,8,13,12,12,11,6,4,13,8,7,6,12,10,11,4,8,11,3114.63
1,13,13,5,11,6,7,7,13,8,11,13,5,6,2,8,6,11,3,11,3141.19
1,13,7,11,7,10,4,7,8,11,6,13,8,7,13,4,7,5,4,8,3098.46
1,13,13,8,7,5,10,4,4,2,13,12,5,3,3,2,11,8,2,2,3127.47
1,4,5,9,4,11,12,9,11,5,10,7,3,6,6,12,2,4,10,2,3083.81
1,4,6,11,2,4,12,4,7,6,8,3,5,12,4,6,6,12,7,2,3087.21
1,10,12,13,11,4,12,8,8,11,8,11,6,12,10,3,5,5,3,2,3095.8
1,13,11,3,11,5,2,11,4,9,12,7,12,13,10,13,9,3,4,5,3064.27
1,2,3,11,11,8,4,3,6,9,6,12,8,13,4,4,7,8,4,3,3093
1,8,7,4,4,2,12,11,12,13,8,4,7,9,13,2,7,11,9,5,3168.74
1,2,4,9,3,6,7,5,4,13,13,12,2,11,11,11,11,7,7,11,3178.14
1,4,3,2,8,11,4,4,12,6,12,3,5,12,2,11,8,2,11,6,3102.12
1,7,8,13,5,11,12,3,4,10,7,12,7,9,2,10,7,12,5,4,3076.98
1,3,11,3,8,11,3,3,6,10,13,7,7,4,7,7,2,3,10,2,3152.59
1,12,7,9,8,7,11,9,3,13,9,4,5,7,12,4,4,12,10,6,3103
1,6,9,7,8,6,13,12,5,10,2,6,13,10,13,2,10,11,4,2,3157.93
1,10,11,2,3,6,12,7,7,9,9,10,9,12,11,4,6,8,3,10,3120.42
1,9,12,6,7,9,8,8,8,12,9,4,4,13,7,7,2,8,6,9,3098.67
1,3,4,9,11,13,3,7,6,3,11,11,10,3,9,3,6,13,13,13,3140.81
1,13,11,8,2,9,7,13,2,2,4,7,10,6,10,8,11,13,3,6,3105.33
1,12,11,6,12,9,9,10,6,12,5,10,3,3,2,2,4,3,5,13,3089.29
1,3,4,3,7,3,6,9,8,6,9,4,12,7,6,10,13,2,2,9,3116.78
1,10,9,4,5,8,13,5,9,4,7,13,8,7,2,8,7,13,9,10,3101.21
1,11,7,5,2,12,9,2,8,9,11,3,5,2,3,2,11,13,9,3,3150.44
1,2,7,9,9,7,10,2,3,4,12,5,8,6,5,11,7,12,4,12,3106.28
1,2,6,3,9,10,2,13,11,6,2,12,9,7,9,6,2,3,4,8,3083.21
1,13,5,13,2,4,8,5,9,11,11,4,9,13,10,7,4,8,7,11,3112.69
1,11,12,6,13,12,11,8,7,13,8,6,3,9,6,2,6,5,10,10,3114.82
1,7,10,7,2,13,6,4,4,7,10,5,2,5,9,10,3,12,7,12,3088.64
1,9,12,12,9,8,3,8,7,5,2,2,13,12,7,9,10,10,5,13,3108.69
1,2,4,7,4,8,10,12,7,3,13,6,4,8,8,2,4,6,4,5,3092.64
1,8,3,9,5,9,13,11,3,3,13,10,10,5,12,2,9,12,3,5,3090.42
1,10,4,4,10,8,12,8,6,3,8,2,9,12,11,4,6,11,10,4,3171.45
1,8,10,7,9,10,3,3,13,4,2,11,8,11,2,3,5,5,8,4,3125.6
1,10,8,10,12,7,11,7,3,9,6,5,2,9,2,3,5,11,12,7,3139.94
1,7,13,6,4,8,7,13,12,3,8,10,13,3,3,12,3,6,2,2,3065.39
1,11,8,11,3,10,9,4,11,4,12,7,13,13,13,4,4,11,5,10,3129.71
1,9,3,5,10,7,9,6,11,12,12,2,13,3,7,8,4,12,5,2,3095.24
1,8,6,3,3,7,10,11,6,5,3,10,6,11,11,7,13,2,6,4,3127.96
1,12,3,5,12,6,8,12,5,7,4,2,5,5,10,2,4,10,7,6,3116.59
1,13,6,2,11,10,8,11,8,12,3,4,12,9,8,8,3,7,7,5,3078.3
1,3,13,8,11,13,6,7,11,11,9,10,13,2,5,11,12,4,6,13,3072.89
1,6,3,4,3,8,10,2,9,4,11,8,2,4,3,7,2,4,11,11,3152.43
1,4,2,12,8,8,10,11,5,7,10,5,4,2,3,4,11,6,8,8,3134.75
1,4,6,3,13,10,6,4,10,2,7,2,6,6,10,11,2,4,8,8,3149.13
1,5,13,3,10,4,3,8,6,11,3,9,3,12,3,3,7,13,8,12,3069.95
1,2,5,8,5,10,6,8,11,6,10,6,12,12,11,11,5,6,13,9,3121.42
1,3,13,9,13,6,6,12,12,12,8,8,7,12,8,11,8,10,10,12,3072.85
1,4,8,3,12,10,12,8,11,10,6,12,6,6,6,6,2,4,5,4,3111.94
1,6,6,3,7,5,7,3,7,8,11,6,13,13,3,8,5,8,8,6,3107.36
1,4,9,11,13,2,9,12,8,10,3,10,5,13,13,4,8,8,2,12,3089.24
1,6,11,7,6,12,12,8,2,2,5,13,13,5,5,6,10,5,9,8,3064.31
1,10,6,8,6,7,6,7,3,2,12,13,2,11,8,2,8,6,13,6,3138.41
1,10,2,11,10,8,11,6,7,5,2,6,13,8,9,13,13,8,6,6,3090.58
1,10,12,5,9,4,9,12,2,4,10,10,3,6,8,3,12,7,10,10,3128.63
1,5,8,6,10,9,9,7,7,2,13,5,10,5,8,10,3,8,5,11,3188.07
1,6,3,10,13,11,3,7,2,6,2,5,8,12,5,11,5,11,10,11,3132.42
1,6,3,6,9,9,6,11,4,7,2,5,4,4,7,8,2,13,6,7,3130.49
1,12,5,7,13,13,2,6,12,6,2,6,9,11,8,7,11,9,9,9,3166.66
1,11,2,9,13,9,10,6,5,7,2,4,8,6,13,11,13,11,9,5,3130.26
1,11,11,7,12,4,13,3,7,8,6,12,3,10,3,7,6,7,6,12,3081.77
1,5,4,2,10,11,5,8,7,3,4,3,6,11,4,12,11,4,3,10,3107.5
1,12,7,9,12,3,8,7,7,3,7,12,8,8,2,7,12,6,8,11,3205.11
1,4,2,3,5,9,5,2,6,3,5,5,2,7,13,2,12,3,5,2,3102.96
1,4,6,9,2,7,7,4,9,2,4,11,9,12,9,9,3,2,6,9,3113.35
1,6,6,13,10,2,2,10,11,13,12,10,11,8,13,9,5,7,10,2,3119.91
1,7,3,11,5,2,11,8,13,8,6,8,12,9,12,3,6,2,10,6,3081.56
1,3,5,7,12,13,5,7,9,4,2,3,6,5,12,2,2,6,8,10,3099.35
1,13,3,12,8,8,13,7,7,12,6,9,7,13,7,4,7,9,5,8,3073.08
1,4,12,10,12,3,2,13,10,8,6,7,2,9,8,13,13,7,10,13,3112.75
1,13,13,7,4,2,13,10,12,12,9,4,13,2,3,13,7,8,7,7,3121.81
1,9,2,12,2,9,6,8,11,4,4,8,11,13,8,5,2,11,10,11,3143.34
1,8,11,7,8,3,10,6,6,6,8,2,3,7,5,2,9,9,7,6,3111.51
1,4,10,7,4,4,13,3,4,2,7,11,8,6,12,4,9,11,6,12,3079.35
1,10,4,2,3,10,3,8,3,12,9,7,12,6,9,5,6,6,11,12,3096.86
1,11,6,5,6,11,4,6,8,3,5,6,4,5,13,11,9,11,11,13,3102.2
1,8,4,12,10,8,6,11,6,13,7,4,11,9,11,6,10,10,8,2,3126.99
1,11,13,12,5,8,5,11,2,9,5,10,8,7,10,13,10,6,4,5,3098.99
1,12,11,7,6,7,2,2,9,7,6,4,11,9,10,5,5,9,2,10,3173.43
1,13,13,5,2,12,6,8,11,6,11,12,8,12,11,12,3,5,4,8,3081.65
1,12,6,9,13,2,13,11,13,10,12,3,4,10,12,13,6,12,5,5,3094.55
1,10,11,9,13,3,11,2,11,12,11,7,8,2,12,13,13,9,12,12,3077.34
1,7,10,10,11,13,13,6,10,12,2,12,9,9,13,2,9,4,8,5,3093.41
1,13,12,5,9,10,10,8,10,4,4,5,7,9,7,4,13,8,12,5,3090.24
1,12,7,8,8,7,10,12,3,8,5,5,4,7,13,7,2,10,5,4,3110.7
1,4,9,2,12,2,6,8,4,11,3,11,12,13,9,9,10,3,7,4,3116.85
1,12,13,10,12,12,3,10,10,4,2,12,5,9,8,4,5,4,8,8,3111.99
1,5,10,11,5,9,5,4,11,9,11,11,11,4,11,4,4,4,9,7,3135.41
1,9,10,12,11,5,13,3,7,13,3,11,2,4,5,3,2,11,10,13,3101.79
1,10,2,8,9,7,12,8,3,3,2,11,11,2,12,11,12,7,8,5,3096.15
1,7,6,9,7,5,8,5,10,5,8,5,7,11,4,12,7,11,12,3,3104.34
1,11,2,2,7,3,3,3,5,11,3,5,12,2,11,4,8,8,8,12,3100.04
1,3,3,3,4,13,5,6,7,9,5,2,4,9,11,9,7,13,4,10,3135.09
1,8,4,3,11,13,6,6,5,4,10,11,5,4,2,12,5,7,12,10,3071.61
1,10,7,6,5,9,2,5,7,12,12,5,6,11,7,11,6,9,4,7,3185.62
1,10,2,8,7,4,9,11,11,2,2,10,12,5,3,3,11,10,11,8,3140.54
1,5,8,11,2,7,7,5,3,2,8,11,7,3,5,8,12,3,6,2,3088.72
1,5,3,2,3,11,9,8,8,9,10,13,4,4,13,12,10,2,4,12,3084.75
1,11,9,9,8,13,5,11,4,11,12,5,4,6,7,7,11,7,12,9,3094.83
1,5,5,5,3,5,7,12,5,9,9,9,3,9,2,7,11,12,13,3,3110.2
1,2,5,3,2,6,10,7,10,6,10,5,10,7,9,2,8,7,8,2,3125.69
1,3,13,8,8,5,9,2,9,13,9,10,9,13,10,3,10,9,5,10,3102.68
1,11,10,10,5,10,8,2,4,7,8,13,3,4,3,12,9,11,13,7,3152.42
1,3,8,2,5,10,2,11,11,13,4,12,3,7,5,5,13,11,2,6,3129.49
1,9,10,12,5,2,13,5,5,2,5,4,9,13,8,13,6,10,12,10,3103.6
1,7,11,4,12,2,13,11,4,11,10,11,4,5,12,5,4,8,9,10,3106.35
1,8,5,5,4,2,13,6,11,9,6,13,11,11,9,10,3,13,8,2,3126.25
1,6,9,6,2,4,4,8,8,5,6,9,5,2,3,11,5,10,11,13,3158.31
1,3,6,3,11,10,12,9,7,10,13,2,13,4,3,13,7,3,5,3,3053.49
1,5,8,3,12,10,12,6,13,2,11,13,6,4,2,3,6,6,9,2,3148.02
1,10,10,6,10,9,3,7,12,11,2,11,6,3,6,10,3,6,8,3,3146.38
1,2,11,11,7,4,6,7,4,10,12,7,2,13,4,4,10,4,8,11,3119.97
1,8,7,9,13,4,10,7,6,4,2,12,3,5,13,9,13,13,12,11,3183.92
1,9,12,12,4,12,8,5,13,2,11,6,9,4,2,12,13,7,8,6,3108.92
1,7,13,2,3,6,9,4,7,2,4,12,7,3,2,12,3,8,5,13,3080.6
1,7,8,3,7,13,5,6,9,11,4,5,13,5,13,5,13,11,9,8,3109.28
1,2,9,8,3,8,8,2,3,11,9,3,13,12,11,10,2,4,5,12,3081.59
1,8,4,11,6,4,9,12,9,13,6,10,3,12,12,5,13,12,3,3,3070.58
1,11,6,3,8,5,4,3,2,4,6,5,12,12,11,9,6,5,9,13,3167.05
1,3,5,8,4,11,8,6,10,4,10,12,4,6,8,8,11,13,9,12,3076.8
1,6,10,4,6,11,11,7,7,3,8,9,13,13,3,5,11,8,7,8,3128.83
1,8,2,8,7,6,13,13,13,11,12,13,8,13,12,3,12,4,8,10,3062.43
1,12,12,3,2,3,10,12,2,11,3,11,13,12,2,8,4,7,9,4,3110.08
1,3,11,9,11,7,5,8,2,12,9,7,8,2,2,13,2,10,6,5,3063.88
1,3,9,3,9,11,6,3,9,7,2,7,5,7,7,4,5,7,3,9,3149.21
1,13,8,13,9,7,8,7,10,3,7,10,9,13,5,8,12,11,10,8,3150.85
1,2,2,10,11,9,5,8,5,4,5,3,9,6,4,4,4,12,8,4,3079.36
1,13,8,11,12,13,5,7,2,8,4,12,6,9,10,7,3,12,5,11,3140.99
1,3,4,6,10,10,7,6,7,13,2,6,4,13,3,5,4,11,3,4,3158.04
1,6,8,7,11,8,13,13,3,3,7,10,3,3,5,6,12,7,11,12,3083.34
1,3,7,13,6,6,2,4,2,9,2,7,8,5,13,12,11,3,12,8,3088.13
1,2,5,2,2,4,9,5,10,13,9,9,12,10,5,6,8,4,3,6,3101.73
1,13,9,13,8,12,7,9,12,12,8,2,4,2,6,3,9,8,6,3,3078.26
1,6,4,5,11,9,2,12,4,3,4,6,11,2,9,9,2,2,6,11,3157.82
1,13,8,8,5,13,4,7,13,5,5,8,4,12,6,6,10,13,5,5,3082.1
1,5,13,9,8,13,9,10,12,7,3,6,3,5,12,12,2,6,8,13,3075.43
1,7,13,13,2,9,8,8,11,8,6,12,5,3,5,9,3,7,13,5,3081.12
1,3,12,5,8,12,12,2,10,2,9,3,5,10,7,11,12,10,6,5,3127.93
1,9,10,6,3,2,2,11,9,5,7,9,6,2,13,11,11,12,4,4,3100.96
1,8,2,3,11,13,10,11,7,8,6,6,4,7,13,3,4,5,5,5,3117.23
1,8,10,13,5,9,12,2,6,8,7,7,8,7,11,12,2,10,12,9,3070.39
1,8,2,5,8,5,2,5,8,8,12,5,2,3,12,3,2,6,13,10,3101.52
1,11,3,13,9,6,9,4,11,11,4,10,7,9,3,13,6,2,13,5,3095.54
1,11,2,11,7,13,3,8,4,9,2,2,10,5,8,8,10,12,5,9,3085.98
1,2,12,10,13,5,7,3,5,12,4,3,4,4,9,3,8,3,7,8,3122.3
1,10,7,5,13,9,2,3,13,2,6,12,4,7,11,13,3,7,11,8,3144.92
1,2,11,4,3,2,5,7,6,8,5,12,4,6,6,6,9,3,9,6,3069.67
1,4,12,3,5,5,4,11,6,9,5,2,5,13,11,7,13,9,9,4,3125.01
1,10,9,11,4,3,2,2,10,6,9,12,5,6,10,5,3,2,13,3,3110.12
1,8,12,12,7,10,10,10,13,3,8,8,4,3,5,6,13,4,6,5,3101.48
1,9,12,5,6,8,6,10,13,9,9,7,4,11,6,11,8,3,9,5,3158.12
1,13,2,4,7,8,12,2,10,5,12,12,8,7,9,11,7,13,11,2,3168.83
1,6,2,7,6,11,10,6,2,12,3,11,8,7,6,9,13,7,3,9,3120.57
1,12,4,9,10,3,4,9,2,12,9,10,10,7,2,3,10,11,12,10,3109.61
1,7,9,4,10,6,7,13,7,5,2,2,10,8,4,11,10,7,6,5,3154.11
1,12,13,7,8,2,5,11,2,10,13,9,4,2,4,10,12,2,6,3,3084.85
1,12,12,5,9,2,11,2,11,7,7,9,9,13,9,13,13,9,7,12,3107.74
1,12,9,6,12,11,4,11,3,7,5,6,8,5,2,11,7,3,10,7,3194.87
1,10,9,12,12,7,8,3,13,13,8,13,4,7,8,2,8,5,10,5,3109.91
1,6,2,4,13,9,2,5,9,9,13,9,13,5,9,11,3,12,2,13,3075.01
1,13,12,11,5,13,12,6,3,13,8,12,11,9,8,2,6,5,3,12,3072.57
1,4,3,4,13,2,3,3,7,8,13,8,5,4,11,5,5,10,10,2,3181.88
1,10,9,10,12,3,4,6,10,9,12,11,8,13,6,13,11,4,9,13,3123.66
1,2,13,5,4,2,5,13,10,4,12,5,7,2,3,3,2,13,13,6,3078.35
1,2,9,8,10,7,3,13,11,11,13,13,8,5,4,3,11,10,5,2,3130.27
1,6,4,11,3,10,4,2,9,5,4,4,4,2,12,9,10,13,9,5,3081.37
1,5,4,5,13,5,9,7,10,3,8,3,3,8,7,9,6,5,3,11,3183.73
1,6,2,4,11,10,3,13,8,3,12,2,13,12,12,5,4,2,9,4,3074.22
1,11,11,7,12,6,3,3,2,3,2,5,8,11,9,13,12,12,9,10,3082.43
1,10,8,12,4,12,5,13,13,3,7,12,2,5,11,11,3,6,8,2,3166.75
1,7,9,9,7,8,5,2,3,8,3,4,6,11,13,2,13,13,9,2,3176.08
1,11,12,5,8,3,4,6,10,2,2,9,11,5,4,11,9,13,8,6,3108.91
1,4,5,3,6,11,11,7,7,13,11,7,6,2,10,7,11,7,11,11,3143.57
1,12,3,7,9,5,8,11,10,7,13,9,2,11,7,8,12,10,4,4,3114.8
1,2,7,13,11,6,2,12,9,9,7,12,5,10,2,13,8,12,5,4,3075.82
1,5,11,8,8,6,3,12,7,2,3,8,4,8,7,4,3,7,8,10,3110.88
1,2,5,3,6,9,2,13,11,4,5,13,2,3,3,8,5,4,13,9,3121.12
1,2,11,8,6,7,6,13,3,5,6,8,4,9,4,13,2,2,4,2,3085.59
1,12,7,6,4,5,6,8,12,5,7,2,11,3,6,6,13,12,6,4,3101.3
1,9,9,11,2,5,4,5,3,8,8,5,8,9,10,12,5,3,7,2,3108.13
1,4,12,13,6,2,10,2,4,2,8,2,13,6,10,10,5,7,3,4,3120.9
1,11,8,5,5,8,4,11,3,12,5,13,5,2,4,2,11,9,3,7,3175.01
1,3,11,8,9,3,12,9,2,12,8,5,4,10,8,10,5,12,5,12,3076.67
1,4,12,11,3,8,6,10,2,13,4,7,5,6,9,9,2,3,2,3,3152.97
1,13,11,10,11,4,8,3,12,11,12,7,7,3,2,10,11,5,8,12,3077.14
1,3,8,5,3,8,13,7,2,3,3,12,5,6,9,12,4,6,13,10,3089.11
1,5,4,5,8,13,11,2,10,6,3,9,6,6,6,9,10,3,12,5,3089.95
1,9,12,9,3,8,4,5,2,11,9,4,9,12,6,4,2,11,4,12,3092.49
1,11,3,3,7,10,6,7,2,7,5,4,13,7,11,8,12,11,6,11,3111.46
1,11,6,9,3,7,12,11,8,13,13,7,7,11,6,7,2,10,2,13,3144.5
1,13,3,11,2,12,8,9,7,11,7,3,13,8,12,9,3,13,13,10,3068.75
1,3,4,10,10,10,11,10,12,8,5,5,13,6,3,7,12,5,5,9,3063.9
1,12,5,5,11,5,13,6,5,7,13,9,8,8,9,10,7,5,13,9,3133.25
1,13,10,3,10,9,11,11,6,10,4,10,7,7,5,12,11,9,12,13,3074.3
1,13,5,5,6,2,7,5,9,12,9,2,11,11,10,6,2,2,8,2,3137.27
1,12,10,9,4,7,8,4,3,10,10,10,3,4,6,3,2,10,9,11,3191.12
1,9,13,9,6,4,11,9,13,10,13,8,2,4,12,13,6,8,5,8,3094.36
1,2,9,9,3,10,4,11,10,9,4,12,4,3,8,12,3,11,6,3,3175.95
1,4,6,12,12,3,12,8,11,10,4,9,5,10,11,5,12,11,8,10,3139.82
1,6,9,4,8,13,3,8,2,8,12,4,12,2,8,10,4,8,3,8,3106.97
1,4,13,10,11,9,9,6,13,3,9,13,9,7,11,12,7,4,6,11,3106.09
1,8,8,10,3,11,6,13,3,7,7,6,2,10,9,9,10,4,6,11,3158.44
1,5,7,12,7,9,6,11,11,10,2,10,4,3,4,5,11,2,3,3,3156.96
1,8,4,9,9,9,11,2,2,13,3,6,13,5,8,12,10,2,12,4,3091.84
1,7,9,12,3,5,10,13,4,4,12,10,5,8,3,2,3,13,2,7,3137.96
1,4,3,4,6,6,9,4,3,5,10,13,9,9,5,4,2,9,5,8,3120.08
1,9,3,10,5,2,6,10,12,10,4,12,4,10,10,8,11,6,13,10,3168.8
1,2,11,10,5,4,5,8,4,7,5,7,2,6,10,6,4,12,11,13,3132.83
1,6,11,6,10,10,8,2,6,2,12,11,4,9,8,5,13,2,9,13,3105.8
1,8,5,3,13,6,3,6,9,10,8,2,9,3,6,13,7,8,11,4,3142.26
1,2,10,3,12,10,10,5,6,7,12,7,5,2,2,13,12,12,6,4,3097.53
1,3,12,7,7,2,8,5,10,11,7,8,12,13,6,12,7,2,5,2,3093.98
1,9,11,7,3,7,8,7,4,10,6,6,8,12,6,10,7,8,3,11,3169.33
1,10,7,8,5,7,7,2,5,10,7,5,13,11,7,11,2,5,13,4,3136.42
1,7,3,6,9,13,4,7,8,6,5,6,3,2,8,6,2,13,10,2,3097.43
1,12,4,11,10,12,11,11,8,5,7,12,3,5,4,3,13,13,9,5,3081.12
1,2,2,4,8,3,4,10,9,10,13,13,3,11,9,7,11,12,10,2,3096.98
1,4,4,11,13,12,3,10,11,11,3,12,5,9,8,6,5,4,6,8,3082.4
1,8,5,6,13,13,9,11,7,3,12,9,7,2,13,11,11,6,6,11,3115.85
1,10,8,13,7,8,10,11,9,13,12,4,11,3,4,12,5,12,11,2,3156.71
1,12,6,9,8,6,8,4,11,7,8,10,5,4,5,12,7,12,8,11,3180.45
1,5,8,3,7,8,6,13,6,13,10,6,2,9,5,5,8,11,6,2,3183.76
1,2,12,12,13,4,8,10,2,12,4,5,7,13,4,6,9,8,6,8,3095.85
1,3,2,8,2,3,5,6,10,6,4,2,2,13,5,4,4,4,9,2,3097.4
1,10,8,9,2,4,13,4,3,11,7,4,13,6,5,3,12,9,8,11,3164.25
1,3,9,10,11,8,6,6,5,10,3,7,4,9,6,2,10,10,13,7,3150.35
1,6,12,10,2,4,3,4,10,6,7,2,3,8,2,5,2,9,7,5,3108.83
1,3,13,2,9,10,13,11,5,3,6,8,12,9,12,6,4,8,9,9,3088.44
1,2,7,2,7,13,13,6,7,11,13,9,4,13,8,10,10,8,11,8,3118.05
1,3,11,4,2,11,5,2,11,4,3,10,5,4,2,11,9,8,5,11,3128.94
1,2,9,5,7,12,6,2,5,3,5,10,11,13,11,9,12,2,7,12,3095.36
1,12,5,11,12,3,7,4,5,10,7,10,6,7,9,12,2,4,5,9,3089.23
1,9,4,12,13,4,11,12,5,7,7,6,2,3,8,3,2,5,8,6,3097.03
1,3,13,11,2,13,6,5,2,4,5,6,2,10,4,2,6,6,2,9,3105.6
1,13,2,6,2,10,2,9,3,10,11,10,9,13,4,4,4,6,7,7,3150.92
1,8,7,10,6,6,9,10,7,3,12,8,3,5,9,12,2,9,12,2,3122.23
1,2,4,7,11,4,2,7,3,2,10,2,12,12,6,5,12,10,5,13,3089.75
1,7,11,7,4,6,6,12,10,3,8,6,6,9,9,8,7,5,13,9,3101.9
1,2,10,4,4,5,7,8,2,13,10,10,4,5,10,12,13,7,8,7,3145.75
1,10,3,9,9,2,12,13,4,12,4,4,6,8,7,5,7,11,7,4,3177.66
1,6,2,13,3,4,6,4,5,12,8,8,3,5,7,3,13,2,13,9,3088.05
1,7,3,3,9,13,10,3,4,6,4,2,13,7,9,2,7,10,10,9,3096.57
1,8,4,6,2,7,2,5,6,9,7,8,5,6,4,3,13,4,13,8,3111.49
1,12,12,10,10,3,5,12,5,3,13,9,2,2,2,2,3,7,6,7,3140.98
1,8,2,6,4,8,4,9,7,2,11,2,3,3,5,6,6,10,2,12,3104.59
1,6,2,7,3,13,2,4,4,10,10,12,9,12,9,12,6,9,3,7,3118.29
1,11,10,4,13,10,6,8,9,4,11,13,2,9,10,13,12,10,3,13,3075.44
1,2,7,4,13,7,13,10,4,11,10,5,2,7,6,10,4,8,2,8,3156.86
1,5,3,2,9,5,4,5,4,13,5,9,13,5,3,3,5,8,7,6,3111.85
1,8,3,12,2,8,12,9,7,2,6,4,3,12,5,8,9,11,10,12,3111.45
1,7,3,8,8,3,10,10,12,12,6,10,5,10,12,3,2,2,12,6,3102.85
1,8,4,11,12,4,12,3,3,5,7,10,9,7,2,12,3,10,8,6,3059.73
1,8,4,8,7,2,9,9,11,12,12,3,13,2,10,12,5,7,7,12,3097.01
1,2,9,3,9,4,2,2,2,5,7,9,10,7,4,11,13,12,5,10,3103.32
1,9,7,9,2,7,12,3,5,4,2,4,12,12,10,10,5,5,11,5,3202.97
1,4,11,7,11,8,11,5,8,11,5,4,3,10,6,5,10,10,9,10,3130.4
1,11,10,4,4,12,8,13,13,3,9,3,10,12,7,11,2,10,6,4,3137.05
1,13,4,12,2,4,10,11,5,12,12,11,9,12,11,2,11,7,13,8,3109.89
1,7,8,5,6,4,5,10,4,9,2,11,11,13,7,5,2,8,3,13,3146.21
1,4,11,2,6,3,8,13,12,10,8,13,7,7,6,6,12,3,7,6,3067.01
1,7,7,3,10,6,5,8,13,9,5,8,9,4,9,4,7,12,8,10,3104.47
1,12,12,9,9,10,5,5,9,10,5,4,8,8,11,11,4,8,2,3,3162.17
1,10,3,13,13,4,3,7,11,9,12,13,13,6,6,2,7,8,3,6,3095.7
1,4,12,6,3,4,4,13,12,7,5,9,4,2,7,3,11,6,12,3,3102.76
1,8,4,4,6,4,10,8,8,9,13,10,7,4,13,8,13,11,4,8,3159.25
1,10,4,12,6,6,3,5,12,7,9,8,6,5,7,12,7,12,12,2,3105.88
1,2,5,12,2,5,2,2,7,4,6,9,2,8,4,2,2,2,13,10,3097.31
1,2,13,5,12,4,2,2,8,2,2,4,3,7,6,2,6,6,2,9,3084.5
1,12,4,4,6,3,4,7,8,13,5,12,13,2,12,13,13,11,12,9,3105.32
1,12,6,9,5,8,6,5,11,12,7,4,10,4,2,7,10,10,2,2,3138.24
1,10,2,5,10,10,10,11,11,12,4,11,5,12,12,3,3,5,4,9,3097.06
1,6,8,9,3,5,4,2,5,12,4,4,13,11,5,6,2,3,5,3,3191.49
1,10,3,13,11,3,12,13,12,4,7,4,6,7,8,12,5,7,4,6,3072.46
1,9,3,2,12,4,7,8,2,2,10,12,13,11,7,11,6,9,13,6,3166.32
1,9,8,5,6,2,12,2,9,10,13,13,2,9,9,8,13,13,9,10,3110.93
1,10,13,3,9,9,5,9,12,11,11,2,12,11,7,12,10,7,3,6,3096.24
1,5,3,7,10,2,12,4,5,6,3,3,11,2,3,4,3,4,3,9,3161.87
1,4,2,4,7,7,5,4,13,6,9,6,7,13,7,3,13,5,8,5,3111.21
1,7,9,4,12,2,9,9,5,12,6,13,7,4,11,8,4,8,10,5,3161.2
1,13,5,12,13,6,11,9,9,10,8,6,12,5,11,11,7,8,13,8,3113.05
1,7,12,10,2,4,10,6,3,7,7,11,6,5,4,3,9,4,3,6,3130.84
1,6,10,9,2,9,3,6,9,3,2,5,10,11,8,3,5,6,11,7,3184.5
1,5,10,8,11,6,9,11,13,4,5,3,7,11,13,9,6,3,13,6,3109.63
1,7,2,8,12,12,7,2,8,11,7,9,13,9,3,9,5,6,9,2,3170.1
1,8,9,13,8,13,3,10,8,6,7,13,4,12,3,6,12,4,3,5,3095.29
1,4,9,12,9,11,6,3,3,12,11,12,3,3,11,12,4,10,6,11,3152.18
1,4,3,3,5,6,4,5,3,13,11,8,8,13,10,2,12,9,2,5,3063.71
1,10,12,2,4,4,2,11,6,6,12,10,13,3,2,6,2,5,5,11,3146.52
1,13,8,9,2,8,13,7,13,10,6,12,10,8,4,13,10,5,10,4,3071.38
1,8,5,7,4,11,10,13,9,5,3,7,11,7,12,11,8,12,6,6,3081.31
1,12,3,2,7,13,5,9,2,2,10,2,7,11,10,4,11,4,6,7,3183.41
1,4,10,9,12,7,11,3,5,10,9,12,12,5,6,4,2,4,12,11,3180.29
1,5,9,13,4,13,8,10,12,9,11,12,10,13,11,4,11,4,6,3,3115.12
1,2,12,2,5,9,3,10,7,3,4,6,13,10,11,10,9,13,2,13,3161.71
1,8,12,4,10,8,2,8,8,3,7,8,12,12,10,4,11,9,13,8,3165.39
1,10,6,4,9,8,7,12,3,7,5,3,4,12,7,3,13,3,12,2,3099.22
1,9,10,3,13,12,5,10,8,13,2,7,9,3,12,9,6,3,7,2,3121.89
1,3,12,5,13,5,8,11,3,11,12,5,7,13,11,8,3,6,11,2,3115.76
1,5,8,10,3,13,7,3,5,9,13,5,11,6,8,8,2,11,11,7,3167.41
1,5,3,12,9,4,2,8,13,7,5,11,6,9,2,13,8,11,4,13,3126.36
1,12,7,2,13,12,13,12,10,11,13,9,11,7,3,6,12,2,8,6,3083.27
1,10,9,4,5,5,6,10,4,5,12,2,2,7,9,10,3,4,8,10,3103.4
1,8,6,7,6,5,11,13,5,3,8,2,11,10,6,8,2,13,5,8,3111.74
1,6,4,4,3,7,5,11,10,11,3,4,4,12,10,13,6,11,3,2,3130.57
1,11,8,10,9,6,8,5,3,2,10,13,10,6,2,2,5,13,3,6,3089.17
1,10,12,12,12,9,13,5,2,8,13,13,11,3,5,10,2,9,3,3,3193.55
1,13,2,5,9,2,8,4,5,3,2,11,12,12,6,13,11,8,7,12,3089.18
1,10,7,5,2,12,12,2,4,12,8,11,6,5,2,6,4,4,6,4,3148.85
1,10,12,10,11,13,9,6,9,12,11,3,3,8,2,4,8,6,12,7,3105.09
1,7,4,13,7,6,2,11,11,12,8,4,11,6,11,7,11,12,6,7,3097.75
1,8,11,4,4,13,2,2,10,8,4,13,2,3,8,3,7,4,8,4,3112.43
1,2,13,8,12,10,11,11,6,4,12,2,12,12,10,9,11,11,11,13,3117.16
1,9,8,2,10,2,12,2,6,3,2,13,6,12,5,12,3,7,9,10,3100.94
1,9,9,10,13,8,4,3,8,13,7,3,2,12,8,9,12,9,6,2,3092.27
1,5,10,5,5,8,9,2,11,9,8,13,5,5,5,11,4,13,2,13,3130.5
1,7,6,13,5,7,10,11,2,4,5,8,4,11,7,10,12,7,5,9,3088.95
1,12,12,11,7,7,2,5,6,9,7,8,11,5,10,13,3,13,2,2,3141.38
1,12,4,2,4,4,2,3,4,7,8,8,9,8,8,9,13,2,7,9,3110.38
1,3,6,11,8,3,8,5,3,5,7,8,3,4,7,5,3,12,11,6,3135.61
1,13,10,12,8,6,13,10,9,5,5,8,8,8,7,7,8,8,9,3,3095.49
1,4,11,6,12,8,7,12,4,5,8,9,2,6,12,7,4,6,10,6,3070.46
1,6,12,7,3,4,2,11,10,4,11,12,13,7,7,11,8,11,6,7,3149.86
1,2,8,5,8,12,9,7,2,4,9,2,7,8,13,5,13,3,13,10,3105.44
1,2,3,2,12,4,6,13,11,6,2,4,10,12,2,13,9,7,11,13,3130.75
1,9,12,13,10,11,4,11,10,12,10,3,9,2,5,8,13,8,10,4,3110.67
1,3,7,3,12,12,3,4,12,5,10,13,8,4,12,13,3,6,5,13,3101.09
1,2,2,7,8,11,4,2,10,11,4,4,4,10,8,3,7,2,13,2,3130.39
1,6,7,5,5,8,2,2,2,4,10,13,5,13,13,6,4,2,5,7,3139.56
1,10,5,8,12,13,8,4,7,3,2,11,13,2,7,12,8,6,8,3,3093.16
1,11,9,8,6,13,2,6,11,5,3,3,7,6,8,8,7,4,5,6,3107.91
1,2,11,2,8,5,5,5,13,6,11,13,10,3,7,6,6,11,3,8,3121.57
1,9,2,9,11,3,2,4,12,13,9,9,4,7,2,3,9,6,2,12,3097.86
1,5,7,7,10,12,7,3,7,11,4,9,4,12,3,9,10,11,5,9,3160.98
1,5,8,9,7,4,3,6,4,2,7,13,13,9,2,7,13,7,8,2,3141.69
1,12,3,2,8,6,9,6,7,8,5,2,11,8,6,3,7,6,13,13,3148.37
1,13,6,13,9,3,11,13,11,9,5,7,7,8,12,6,8,4,9,11,3126.72
1,6,10,4,6,11,4,3,5,2,13,2,9,7,12,11,2,7,13,4,3123.72
1,4,12,12,13,13,9,4,3,8,5,12,6,10,12,10,12,4,3,13,3104.44
1,8,7,8,12,12,10,6,12,10,2,7,7,8,6,5,9,11,10,7,3215.39
1,12,12,3,5,10,11,10,13,8,11,7,12,4,12,2,7,9,4,8,3095.61
1,10,7,13,11,7,11,9,13,9,12,4,12,9,6,10,10,2,4,3,3067.39
1,8,6,2,11,7,13,12,10,12,10,9,7,11,10,13,4,10,2,10,3100.84
1,9,11,8,7,12,12,10,7,10,7,3,12,3,3,10,9,2,2,9,3105.43
1,3,11,13,8,4,8,10,5,6,11,11,9,4,11,4,2,4,7,3,3146.89
1,10,11,7,11,4,9,5,5,6,3,5,12,11,7,13,8,6,2,4,3115.31
1,4,9,5,5,8,10,8,4,3,9,6,2,11,3,2,3,6,13,3,3174.97
1,12,3,12,3,12,8,9,6,10,11,2,4,7,11,5,8,8,7,3,3174.17
1,4,12,5,13,12,11,9,13,6,3,13,2,9,8,5,8,13,13,6,3126.85
1,7,9,4,5,10,11,9,10,5,9,6,3,5,9,13,9,10,9,5,3167.95
1,4,11,12,7,10,10,6,9,6,11,11,7,7,5,13,12,4,5,12,3067.45
1,12,13,13,11,7,5,12,11,8,5,11,8,9,10,13,9,8,11,12,3081.31
1,13,10,12,10,7,11,8,5,9,4,10,3,11,5,10,7,12,11,4,3117.64
1,11,3,9,13,8,10,12,6,8,7,3,6,4,9,3,3,2,13,5,3065.86
1,8,12,6,5,11,3,4,5,3,12,8,8,13,3,2,4,13,4,2,3096.22
1,11,2,6,10,8,3,2,12,3,12,9,3,3,5,13,7,8,10,11,3175.97
1,9,13,11,12,2,5,7,13,6,9,5,7,11,2,11,5,4,10,13,3119.13
1,12,13,2,4,12,3,4,9,4,13,6,4,5,11,7,12,12,9,13,3085.42
1,9,11,11,5,7,7,9,7,9,3,13,13,13,10,5,4,6,12,6,3089.21
1,3,7,11,5,3,10,12,2,2,9,3,3,12,4,9,8,8,9,11,3179.72
1,8,12,11,11,4,7,4,7,2,11,5,9,10,9,9,13,10,8,8,3133.08
1,6,13,10,11,5,5,7,2,10,4,8,13,3,4,2,11,8,11,2,3120.82
1,4,11,7,6,12,4,13,13,6,7,6,10,2,3,5,6,6,10,12,3067.47
1,4,4,3,12,8,10,12,11,6,13,8,10,7,2,11,6,11,13,5,3128.91
1,6,10,13,13,12,6,5,11,11,10,13,9,4,6,6,11,4,9,11,3128.52
1,6,10,11,10,7,8,7,11,8,12,3,12,13,10,7,4,3,13,9,3070.11
1,2,12,8,11,12,2,5,8,2,3,4,7,3,2,4,7,10,7,4,3150.06
1,7,5,11,9,8,13,7,12,2,9,6,4,10,6,13,12,9,13,12,3090.59
1,2,10,5,8,7,5,10,11,3,12,8,13,8,5,13,8,2,2,7,3115.36
1,3,5,13,7,9,7,10,6,13,13,12,7,4,7,13,13,12,10,12,3082.14
1,8,10,9,10,11,5,5,9,3,4,6,11,11,6,5,12,9,2,6,3106.88
1,4,4,12,2,3,5,10,12,4,6,12,9,3,7,11,3,12,3,7,3113.38
1,13,11,4,11,5,13,3,13,5,6,3,12,10,7,11,2,11,7,7,3161.38
1,7,12,3,3,11,10,10,10,13,7,6,7,13,6,8,4,9,6,2,3134.85
1,7,12,11,11,12,13,10,4,7,6,9,4,6,12,9,9,7,13,2,3108.38
1,9,2,5,6,7,13,9,5,5,8,10,11,9,10,3,10,6,10,9,3186.18
1,2,4,6,6,7,2,13,6,13,4,5,5,13,7,8,4,2,2,6,3106.68
1,12,10,9,13,9,9,4,9,9,9,12,10,5,12,7,5,4,12,2,3095.51
1,5,10,3,6,2,8,10,10,11,2,5,11,10,3,9,7,7,5,12,3108.52
1,7,3,8,2,8,2,12,12,5,9,10,5,7,6,5,2,4,7,4,3127.85
1,3,7,5,9,9,10,8,13,5,11,9,4,10,9,5,10,3,3,4,3161.45
1,10,13,13,11,9,2,4,12,7,11,11,3,4,10,3,10,2,3,7,3144.64
1,4,5,6,10,7,11,2,6,12,2,12,7,7,10,6,9,5,12,11,3163.54
1,3,8,10,10,8,7,3,6,11,4,5,7,8,6,6,8,3,2,5,3126.13
1,8,4,12,12,4,3,7,12,9,5,11,6,8,4,12,7,11,6,11,3158.26
1,4,6,6,12,8,10,4,12,3,13,11,10,9,7,6,10,3,4,9,3158.31
1,2,6,9,9,13,10,12,7,5,7,12,13,6,7,2,13,11,4,7,3183.86
1,2,2,2,8,3,3,12,3,2,11,13,3,5,5,8,11,11,2,12,3128.18
1,12,11,8,11,3,12,5,10,11,2,3,7,13,8,3,12,6,11,13,3124.97
1,13,13,13,9,7,10,2,12,2,8,13,5,9,5,10,8,5,9,7,3105.84
1,6,7,13,2,2,5,9,8,10,6,8,10,3,13,6,7,12,2,13,3110.88
1,10,8,4,2,7,7,13,7,2,8,10,8,3,3,12,6,4,13,13,3087.23
1,4,7,9,10,2,3,6,3,12,2,10,2,2,4,2,4,7,2,4,3153.24
1,7,7,12,12,4,8,8,7,13,12,5,6,4,7,2,11,8,10,11,3186.6
1,2,8,11,13,2,10,6,13,11,13,6,13,13,4,9,5,13,9,11,3125.7
1,10,12,8,6,11,13,12,4,5,3,5,3,3,10,3,4,9,10,8,3083.4
1,9,5,2,5,9,8,2,4,8,12,6,13,13,7,11,8,4,11,8,3165.89
1,3,10,8,9,13,7,7,5,13,7,8,6,2,3,12,10,6,13,3,3096.86
1,4,9,7,11,7,12,3,7,4,11,5,11,6,11,11,10,3,6,9,3156.24
1,13,6,10,10,11,11,11,6,10,13,2,3,2,9,7,8,4,13,6,3119.68
1,6,4,3,10,13,5,4,8,8,5,10,2,11,11,2,11,3,13,13,3150.07
1,11,8,8,13,10,11,8,5,4,4,2,12,13,13,9,2,13,9,8,3083.44
1,12,11,12,3,11,9,7,9,12,2,10,8,2,12,10,3,3,3,12,3075.11
1,4,11,3,6,6,5,3,8,8,7,6,11,11,10,8,8,12,3,10,3092.76
1,5,8,12,12,5,3,8,2,11,12,3,9,7,4,7,10,4,12,3,3094.8
1,2,7,7,9,5,10,12,13,12,7,13,9,8,2,7,2,9,5,10,3121.2
1,6,11,6,12,3,12,13,8,11,12,8,13,2,3,13,7,5,9,7,3118.96
1,13,12,3,2,10,8,8,9,13,5,4,12,11,8,12,12,9,3,2,3093.92
1,12,4,3,10,11,13,8,6,8,9,9,3,7,9,8,9,6,3,9,3135.89
1,2,9,9,10,9,13,10,7,10,8,12,11,13,7,6,12,11,6,13,3125.23
1,11,9,4,7,2,9,5,13,4,8,13,3,3,10,2,4,8,2,13,3084.4
1,2,6,10,7,2,13,9,4,7,2,7,5,3,2,10,5,11,13,7,3174.14
1,2,8,10,4,9,5,8,5,2,13,12,8,6,8,2,3,8,12,13,3105.69
1,2,4,6,9,11,7,4,13,10,4,6,5,2,5,5,13,6,2,6,3110.5
1,2,8,5,9,13,11,5,2,6,12,7,8,9,10,10,11,2,10,7,3178.23
1,10,12,11,2,10,11,6,6,2,4,9,12,3,13,6,2,10,10,4,3084.53
1,5,4,6,2,9,12,2,3,2,7,8,5,13,4,7,3,6,5,9,3108.26
1,2,8,13,7,13,13,7,2,7,2,6,2,11,3,10,6,10,13,9,3138.3
1,7,2,8,5,13,6,12,4,7,13,11,5,5,12,6,4,9,3,10,3083.38
1,6,13,3,4,7,5,10,5,5,12,5,5,13,3,8,8,11,5,13,3159.86
1,5,4,13,13,3,2,7,3,3,5,11,3,7,10,11,8,3,5,4,3111.94
1,5,5,6,7,13,8,12,4,6,12,4,3,11,4,13,9,8,2,13,3134.63
1,4,6,7,6,2,6,6,10,4,13,3,3,11,7,4,6,7,10,11,3179.62
1,13,12,12,11,10,10,11,12,8,13,4,9,13,6,2,11,5,2,3,3134.86
1,6,13,9,12,4,7,5,5,2,5,12,10,9,9,3,2,4,12,9,3087.38
1,2,5,6,7,4,7,12,9,8,10,5,3,10,13,2,6,7,7,8,3136.8
1,3,10,7,10,7,6,12,4,7,2,2,11,4,11,10,2,4,7,4,3169.51
1,11,4,10,7,9,13,8,2,5,13,3,5,2,4,9,7,11,9,7,3126.94
1,7,2,3,7,2,11,7,8,7,5,4,12,4,5,10,3,4,7,6,3098.44
1,9,12,10,10,12,10,3,9,3,2,6,9,5,3,5,6,5,4,13,3101.46
1,4,2,12,11,5,7,12,13,11,2,8,7,9,6,11,11,3,13,12,3083.06
1,4,2,13,4,3,2,10,11,8,11,11,4,3,9,12,4,7,5,12,3072.65
1,3,12,5,8,5,7,6,12,5,7,6,7,11,10,13,2,9,8,6,3144.19
1,8,2,7,10,10,11,12,7,7,4,4,12,4,13,11,6,4,6,5,3131.6
1,8,3,9,13,3,6,6,13,5,2,4,3,5,2,5,8,9,10,8,3115.9
1,2,6,12,2,4,7,8,7,6,7,11,8,10,4,9,10,11,5,13,3148.07
1,13,13,8,2,12,10,6,13,3,6,13,8,12,3,2,6,9,11,3,3190.54
1,6,11,13,11,2,6,5,13,7,4,10,10,2,2,7,6,2,3,3,3130.13
1,2,12,9,3,6,4,9,5,5,2,11,2,11,9,4,8,2,4,10,3174.8
1,3,3,5,9,10,9,13,6,10,6,7,11,12,10,11,4,13,10,4,3111.93
1,10,5,7,11,9,2,11,13,10,9,3,7,10,6,11,3,7,3,8,3132.5
1,4,9,9,6,7,5,11,13,2,2,12,13,11,13,4,10,8,9,8,3132.52
1,12,11,6,6,8,7,7,2,9,5,12,7,11,8,3,12,6,13,8,3093.43
1,8,8,9,5,3,12,7,3,7,8,4,13,11,13,7,9,9,7,8,3161.85
1,10,4,10,3,12,13,3,4,8,6,13,2,2,3,5,8,8,7,7,3138.9
1,9,9,2,3,3,3,13,13,5,5,2,4,2,7,5,5,3,7,4,3134.19
1,9,9,5,6,12,8,13,3,10,2,12,10,2,5,3,12,6,9,6,3099.79
1,3,3,11,13,12,2,2,4,9,3,8,2,2,9,7,8,9,2,10,3071.9
1,7,13,5,3,6,11,3,12,7,2,7,13,10,2,13,12,8,4,12,3073.67
1,11,4,3,2,3,2,9,6,9,7,10,4,3,6,5,3,10,8,2,3100.12
1,6,10,2,6,4,5,3,9,10,4,8,12,10,10,7,11,2,8,2,3175.76
1,11,4,7,9,6,4,13,7,9,7,3,3,8,3,4,4,7,11,3,3129.21
1,6,11,8,13,10,7,10,10,3,13,12,5,10,4,8,2,3,8,3,3065.65
1,11,6,10,11,5,12,3,3,3,8,12,5,13,12,3,9,13,11,10,3160.47
1,8,13,5,12,10,11,4,12,4,2,8,5,13,10,12,10,10,11,8,3127.86
1,11,5,2,6,4,2,5,3,4,7,9,7,12,13,3,8,8,4,8,3075.07
1,13,7,13,4,10,5,10,7,12,8,10,9,13,4,13,13,4,9,8,3081.72
1,9,8,3,12,7,11,5,12,12,5,5,4,9,2,8,7,10,12,4,3103.08
1,13,10,3,11,13,4,2,10,5,7,5,2,11,2,7,13,5,2,6,3108.59
1,3,2,7,9,10,4,3,3,12,4,6,9,6,4,11,4,2,3,11,3178.41
1,11,6,3,7,11,5,7,5,6,2,4,6,9,12,5,13,4,4,11,3146.01
1,3,10,7,11,5,4,8,9,4,4,3,13,3,10,10,11,4,5,12,3110.86
1,13,2,9,13,11,12,12,7,6,3,10,12,13,2,11,4,8,11,13,3098.88
1,11,13,7,10,9,4,6,6,6,9,8,6,6,7,7,3,3,5,8,3089.33
1,8,10,10,12,2,10,4,10,13,12,10,8,5,9,5,6,10,10,7,3120.97
1,10,2,4,7,10,2,8,9,11,7,6,6,7,11,3,7,13,13,13,3173.2
1,3,13,3,2,10,12,10,5,13,7,3,13,10,12,8,6,8,10,8,3074.68
1,10,7,13,9,6,4,7,4,5,3,8,11,3,2,8,4,8,13,9,3114.99
1,4,9,11,9,12,6,10,5,9,8,13,3,3,4,13,8,12,9,4,3089.37
1,11,2,12,10,12,7,4,10,6,5,5,8,3,6,8,9,6,4,2,3059.82
1,5,2,4,5,8,4,12,13,6,9,11,2,4,10,12,9,12,9,2,3120.16
1,7,2,13,4,6,13,3,3,5,9,2,13,3,6,13,12,6,8,8,3079.35
1,12,4,9,2,11,6,7,8,13,2,11,11,10,11,7,4,13,11,3,3141.67
1,11,5,8,5,11,4,3,7,8,6,9,12,3,4,5,12,7,5,3,3091.97
1,12,11,11,10,2,3,4,3,8,2,4,8,11,4,6,6,6,4,12,3095.84
1,4,8,13,2,13,10,3,9,10,7,6,5,2,10,9,11,13,12,4,3068.79
1,13,4,3,10,10,6,11,7,2,3,2,5,7,6,3,11,9,10,3,3145.99
1,13,10,12,7,12,13,6,13,11,8,9,9,10,3,5,5,9,6,13,3128.56
1,9,3,11,11,11,12,12,12,7,12,7,7,10,3,3,5,13,5,9,3094.4
1,11,5,3,11,4,8,13,9,13,3,7,5,2,4,4,13,4,8,2,3088.54
1,5,11,8,11,3,6,3,13,7,6,12,13,7,12,4,5,8,7,3,3091.38
1,7,6,2,6,5,9,3,2,7,2,7,2,12,8,8,11,2,3,5,3191.79
1,10,5,3,3,3,12,12,6,6,12,3,8,12,13,2,13,2,3,2,3111.48
1,5,4,12,11,3,3,5,9,5,3,8,3,3,10,9,4,4,12,13,3113.81
1,12,10,12,12,8,11,11,13,4,6,3,10,7,10,11,9,2,5,9,3150.48
1,4,11,13,13,13,7,2,3,3,9,6,7,3,10,7,8,6,6,9,3096.29
1,8,4,13,12,4,3,3,4,9,9,3,13,13,9,10,7,4,12,8,3078.57
1,9,10,12,3,13,9,8,10,3,5,3,2,13,3,8,12,12,11,2,3201.57
1,13,4,4,9,8,4,10,10,5,8,11,12,8,5,9,6,7,13,3,3071.83
1,3,13,9,9,8,12,7,12,7,8,12,4,4,7,10,3,7,2,13,3083.51
1,3,9,8,6,11,7,10,3,12,7,13,5,10,3,4,2,11,7,13,3124.83
1,12,5,3,4,9,9,10,9,7,3,4,7,8,10,2,5,8,9,6,3107.22
1,11,6,4,6,8,10,10,13,9,7,13,2,12,8,8,12,3,3,5,3063.86
1,13,2,4,10,5,13,6,2,2,5,6,8,3,13,3,10,12,12,10,3082.07
1,11,13,2,5,4,8,13,11,7,6,13,2,6,3,11,7,5,13,2,3123.47
1,9,4,10,4,6,5,2,7,2,8,11,5,11,11,6,13,10,7,8,3155.77
1,3,9,12,4,9,4,3,12,4,6,12,13,11,4,4,8,4,5,12,3116.33
1,13,4,5,2,6,10,8,12,10,12,3,11,7,2,11,5,6,10,12,3094.38
1,4,3,9,5,2,12,7,9,11,6,7,8,6,13,13,12,10,6,9,3103.02
1,8,13,13,3,10,11,10,2,4,12,13,2,9,8,12,12,3,8,8,3070.13
1,3,12,10,6,8,7,8,10,7,4,13,3,4,13,13,8,11,9,6,3182.71
1,2,4,3,9,8,3,5,11,4,11,7,9,7,12,11,9,13,12,6,3088.98
1,7,3,5,11,8,9,6,10,9,7,2,8,10,12,4,7,3,11,11,3160
1,9,11,5,10,10,3,6,2,4,9,10,13,13,8,2,6,2,9,10,3142.94
1,8,3,2,5,4,3,4,3,11,10,10,7,7,13,6,6,6,3,3,3132.65
1,6,4,5,9,8,3,8,7,6,6,2,11,12,9,2,2,6,3,11,3141.01
1,12,8,12,2,6,9,6,10,11,3,8,9,13,11,2,2,7,9,12,3098.52
1,12,11,2,5,13,7,2,8,8,12,8,4,10,2,9,10,13,11,6,3146.21
1,4,12,9,6,9,8,4,10,10,2,6,7,9,7,13,6,4,12,3,3104.43
1,3,5,5,5,4,8,11,9,7,8,11,5,13,5,2,11,11,7,10,3139.23
1,2,2,12,12,12,2,13,5,9,4,2,7,4,6,5,10,9,10,6,3093.59
1,4,11,3,9,5,11,7,6,12,7,2,8,9,3,12,3,8,4,5,3079.85
1,10,13,8,10,4,7,12,8,6,9,4,4,13,2,12,13,9,3,11,3159.87
1,8,6,3,7,6,11,7,3,5,4,13,13,4,13,11,5,2,3,13,3114.87
1,2,13,2,13,12,11,12,2,6,13,13,4,4,3,2,5,2,3,12,3084.17
1,2,2,12,5,2,7,9,10,3,5,7,2,4,9,7,10,3,9,6,3106.24
1,10,13,8,11,13,2,9,12,7,8,8,9,3,12,6,12,3,8,13,3074.13
1,10,4,2,13,7,6,12,4,7,12,8,2,9,2,12,10,11,13,7,3164.41
1,11,9,8,7,4,2,5,4,5,7,3,2,5,3,12,3,3,12,5,3077.63
1,2,13,11,12,9,9,6,5,5,11,6,8,4,5,10,9,2,2,12,3070.97
1,3,7,6,10,10,8,5,11,8,6,8,9,6,5,6,11,11,12,12,3109.74
1,6,10,11,10,6,13,12,8,7,9,4,5,13,9,13,2,4,2,11,3149.97
1,8,7,9,11,13,9,12,6,4,6,10,13,12,8,4,13,3,3,4,3099.95
1,6,3,5,11,12,12,6,8,13,7,5,9,6,4,8,4,13,8,6,3057.3
1,13,13,13,2,6,13,4,9,10,6,4,5,4,2,3,10,13,2,8,3088.2
1,2,6,5,2,12,12,4,2,5,2,12,6,10,4,13,8,9,3,9,3108.87
1,6,5,9,6,7,10,8,7,6,7,7,8,3,9,7,4,13,4,7,3127.18
1,7,8,11,2,13,10,6,6,11,12,7,3,8,13,3,5,7,11,9,3093.63
1,13,5,10,13,13,8,12,10,12,4,4,4,11,3,11,10,10,13,9,3151.7
1,13,2,13,13,11,11,12,10,2,5,8,12,2,2,2,12,8,13,13,3087
1,6,9,13,11,7,11,4,5,6,7,9,7,2,6,4,2,2,6,12,3105.29
1,11,6,12,12,10,13,13,2,6,3,9,8,10,4,6,8,8,4,2,3057.34
1,4,11,10,8,2,6,12,11,5,8,10,5,13,11,13,13,5,4,3,3127.74
1,11,9,6,8,9,4,3,2,2,9,3,7,10,13,11,11,8,6,11,3132.25
1,7,5,3,7,9,12,2,5,2,5,4,4,2,12,3,8,3,10,7,3149.87
1,3,7,6,3,10,5,10,5,7,2,5,9,9,12,7,7,6,2,10,3130.36
1,6,12,13,8,7,4,2,9,3,9,2,13,5,12,11,10,6,3,7,3192.63
1,10,12,10,2,8,11,3,3,10,3,11,9,4,10,7,13,4,9,12,3089.98
1,3,3,5,6,2,6,6,13,2,2,12,5,10,12,8,8,9,13,13,3095.04
1,4,10,13,7,3,4,6,2,5,13,7,6,6,5,2,12,13,5,7,3101.61
1,8,5,9,13,5,9,11,8,2,4,3,10,11,6,13,2,2,8,13,3132.21
1,11,7,7,10,9,2,4,6,6,5,2,6,3,9,6,7,4,10,10,3118.76
1,13,7,6,4,10,5,3,8,5,5,13,4,2,6,2,11,5,2,7,3187.1
1,2,3,5,12,9,3,11,12,7,9,12,4,11,4,13,8,8,5,10,3127.3
1,8,2,13,13,2,10,3,12,9,13,5,2,6,10,9,6,7,13,13,3077.39
1,12,10,7,11,4,11,9,13,9,5,12,11,8,3,3,5,4,7,8,3134.83
1,3,9,3,10,8,7,3,9,3,8,6,10,3,5,7,4,13,9,13,3116.02
1,8,8,9,5,3,12,3,13,5,9,12,10,3,9,9,5,2,13,10,3112.97
1,11,9,12,9,5,4,8,10,4,9,3,7,3,3,11,12,7,10,10,3100.3
1,8,11,6,3,2,8,7,7,4,6,11,4,10,9,10,7,10,13,11,3122.84
1,2,6,8,10,9,6,2,11,3,9,4,8,2,4,6,5,11,2,11,3188.87
1,12,11,2,8,7,5,11,2,4,8,7,8,7,12,12,4,11,2,7,3173.93
1,5,7,5,12,13,2,10,9,9,7,10,13,10,10,12,9,3,6,10,3106.87
1,7,9,7,6,10,2,12,3,3,12,2,6,9,12,2,11,6,2,2,3182.66
1,7,10,5,8,2,10,5,6,2,9,2,8,12,6,9,7,7,8,8,3150.6
1,11,7,12,8,9,8,13,7,8,8,12,13,5,3,3,8,11,8,8,3160.71
1,7,2,5,6,6,4,9,13,8,8,7,12,9,5,3,6,13,10,9,3095.55
1,7,10,6,5,8,2,13,13,6,12,11,8,6,9,9,10,7,5,9,3149.56
1,2,13,13,3,9,5,12,11,4,2,2,12,4,13,5,13,4,13,9,3075.42
1,12,11,4,4,6,2,13,6,11,10,11,10,10,8,8,13,13,8,5,3137.99
1,8,11,3,3,7,12,2,7,8,11,11,8,3,9,9,3,13,3,3,3128.72
1,13,11,5,2,4,7,11,9,13,13,9,11,12,12,6,4,5,10,9,3090.85
1,4,13,8,8,8,10,9,13,8,9,5,11,11,8,5,4,10,7,5,3156.39
1,5,13,3,12,10,2,7,8,13,4,6,12,2,7,13,11,9,3,9,3170.38
1,11,11,10,13,4,5,13,7,2,5,7,11,5,10,9,9,10,12,2,3086.7
1,7,12,7,13,4,10,11,7,13,5,5,2,4,7,5,2,6,9,2,3146.23
1,5,2,5,9,11,4,10,3,7,5,4,6,10,3,2,5,11,11,12,3107.97
1,4,5,12,2,12,13,3,6,3,9,5,10,6,10,4,2,4,4,6,3102.43
1,12,8,8,2,5,5,4,4,2,11,3,3,2,6,11,4,6,3,12,3106.73
1,4,9,11,6,13,2,13,6,5,2,10,4,8,5,13,5,2,11,8,3129.44
1,3,13,10,5,9,5,2,5,6,6,11,9,13,7,9,5,11,7,13,3127.28
1,6,6,10,4,11,7,7,12,12,2,12,7,4,6,7,9,7,6,8,3063.63
1,13,12,3,8,12,11,13,4,4,7,10,9,13,8,3,11,12,6,3,3083.92
1,12,9,12,11,2,6,9,2,9,2,2,4,5,3,4,10,12,13,6,3096
1,5,12,11,9,2,6,8,9,7,4,6,2,9,2,3,13,3,10,11,3143.47
1,5,6,2,13,2,3,13,10,11,2,4,11,8,13,3,5,4,13,10,3106.33
1,5,9,10,6,9,11,8,10,6,3,8,5,13,13,3,12,13,8,13,3091.59
1,5,12,13,3,6,12,9,7,6,11,10,4,9,6,13,5,11,9,10,3164.34
1,3,3,7,10,12,11,7,13,12,6,11,4,12,7,2,8,5,5,12,3098.23
1,10,12,8,7,10,2,13,10,13,3,8,11,12,13,12,6,9,7,8,3103.84
1,5,12,6,7,4,8,8,5,6,9,7,4,5,4,4,6,6,12,6,3101.55
1,12,13,13,3,5,7,11,13,13,7,3,4,2,8,5,10,13,8,10,3148.43
1,8,11,5,13,11,8,10,5,2,8,7,9,4,10,11,12,11,2,11,3132.86
1,9,9,5,6,6,10,12,7,2,9,2,6,8,11,10,11,4,3,6,3152.62
1,3,6,10,8,4,2,8,6,3,12,8,13,6,13,8,3,6,4,13,3101.82
1,9,10,12,9,12,8,6,4,4,5,2,12,13,8,12,10,10,8,4,3106.88
1,3,10,7,13,10,4,6,13,5,10,4,3,8,10,13,6,6,3,3,3081.51
1,7,4,9,4,10,4,12,10,13,8,11,4,8,3,13,6,12,9,8,3096.55
1,6,8,6,6,3,11,7,3,2,2,9,12,4,9,2,5,5,12,9,3067.29
1,2,3,7,12,8,6,12,4,2,4,11,13,9,13,3,6,5,3,6,3160.77
1,6,4,10,11,9,13,7,8,8,9,12,12,2,9,6,5,9,5,2,3080.07
1,2,8,4,12,7,6,5,7,10,12,5,12,13,6,2,8,7,5,10,3094.28
1,3,6,3,13,2,10,6,9,7,7,3,6,4,3,5,10,6,8,4,3093.79
1,2,7,7,11,9,4,6,7,6,8,12,10,12,3,3,2,3,3,6,3090.54
1,10,9,9,4,5,12,9,13,2,13,8,2,5,9,11,13,6,11,10,3142.34
1,4,10,10,9,3,7,8,11,3,10,4,5,5,13,4,9,2,11,9,3142.9
1,12,3,6,12,8,3,3,6,3,3,8,11,13,5,13,10,11,6,6,3156.02
1,9,8,13,3,13,4,9,9,5,4,12,2,4,13,7,11,7,12,4,3110.72
1,10,5,10,3,7,3,6,7,6,3,10,3,3,8,11,9,5,3,9,3184.09
1,10,9,7,2,4,6,7,6,6,2,9,2,9,10,9,11,8,11,5,3176.38
1,7,6,5,5,6,2,10,4,12,6,4,6,10,13,6,11,7,8,5,3152.04
1,10,4,4,11,5,6,9,6,9,5,10,9,2,6,2,9,8,5,5,3115.96
1,4,6,8,2,2,10,6,6,9,3,5,6,4,12,8,6,6,4,9,3107.4
1,7,6,11,3,12,2,12,9,2,7,8,9,2,10,7,10,2,6,12,3098.37
1,11,13,4,4,10,5,6,5,6,7,2,5,8,12,2,3,11,10,12,3081.61
1,5,7,2,5,13,7,6,3,8,12,12,11,3,8,12,2,12,11,3,3171.27
1,8,8,7,5,7,11,11,11,13,2,4,2,8,8,2,13,9,6,7,3142.58
1,8,13,3,7,3,8,8,8,6,5,10,4,7,7,6,10,13,11,11,3172.59
1,10,7,8,6,7,3,10,6,3,12,12,9,12,8,4,5,12,12,4,3118.08
1,4,4,6,4,7,9,4,12,4,3,2,8,10,8,12,8,13,9,8,3099.44
1,11,13,3,8,2,9,6,9,7,12,13,12,8,13,7,9,4,5,3,3073.94
1,3,10,2,7,11,9,13,13,12,12,3,10,2,3,12,3,8,11,11,3169.43
1,13,5,2,6,6,11,4,5,12,6,5,11,12,8,6,11,7,4,10,3107.64
1,5,12,11,11,5,8,6,3,12,3,7,9,10,4,10,2,11,4,6,3134.53
1,11,11,7,7,12,12,12,13,11,4,5,7,3,6,10,10,12,2,5,3080.66
1,4,12,3,7,2,10,12,9,13,2,7,3,2,7,13,5,6,2,11,3196.33
1,4,10,5,9,8,6,13,9,2,13,4,8,6,7,7,8,7,4,3,3139.39
1,2,13,5,4,9,8,3,7,12,2,13,4,2,11,7,3,11,12,4,3089.63
1,13,4,7,9,8,7,3,13,5,13,8,11,12,5,2,7,7,9,10,3098.3
1,12,6,7,7,3,12,12,10,2,8,12,10,5,10,9,10,11,11,13,3176.28
1,7,2,7,10,8,12,5,10,7,9,6,4,10,5,8,2,8,6,6,3105.13
1,10,8,8,9,3,4,5,5,10,6,8,13,6,11,11,7,4,8,2,3182.57
1,11,12,3,9,12,8,13,4,10,8,12,6,11,9,9,2,9,3,7,3196.97
1,9,2,12,7,7,5,11,2,2,4,7,8,3,3,3,2,2,13,7,3167.88
1,2,6,10,10,11,8,9,7,10,4,10,3,5,5,2,4,11,9,6,3114.56
1,13,10,10,6,5,2,8,8,2,7,12,2,10,5,6,6,11,8,2,3140.92
1,2,3,8,8,13,9,3,9,12,12,5,7,8,9,12,6,4,10,5,3084.15
1,9,2,6,11,3,11,5,13,12,8,3,4,9,10,2,12,6,2,10,3092.7
1,4,4,10,9,5,6,5,3,9,10,4,6,7,11,12,12,12,12,11,3186.1
1,9,4,13,8,13,6,11,11,8,4,3,8,9,11,8,4,8,2,5,3167.94
1,9,9,3,10,10,7,3,7,8,7,8,9,11,7,8,10,11,13,6,3147.95
1,9,4,6,6,11,5,8,7,8,12,6,13,12,4,3,2,12,13,12,3101.11
1,4,13,13,4,12,8,10,9,13,4,9,9,11,9,9,3,3,3,12,3082.43
1,4,5,7,9,5,13,2,13,10,5,12,12,12,10,4,11,12,12,13,3096.72
1,5,11,9,5,12,12,2,2,5,8,10,11,12,3,5,4,6,5,2,3092.59
1,12,12,8,8,12,5,6,11,9,2,3,6,11,6,6,12,13,13,2,3095.62
1,2,7,5,7,9,8,13,12,3,8,7,12,13,4,6,10,6,7,2,3127.05
1,2,13,2,13,4,5,3,12,4,4,12,9,8,8,11,2,10,13,3,3170.72
1,13,4,2,7,9,10,3,10,7,12,13,10,11,12,5,5,13,11,3,3159.13
1,7,4,5,5,12,9,6,11,12,9,6,6,2,12,5,5,7,4,10,3121.01
1,4,3,6,10,3,12,8,7,11,7,13,12,8,4,7,3,9,2,4,3096.37
1,2,8,6,5,8,10,7,5,13,7,10,8,4,12,2,3,10,10,3,3126.5
1,10,13,9,7,8,13,12,11,12,13,2,6,8,9,11,2,13,3,8,3119.68
1,11,2,5,11,7,10,6,7,13,6,9,5,10,9,12,12,6,2,4,3071.88
1,9,4,13,3,12,8,11,13,2,11,11,5,8,8,12,7,8,2,4,3120.93
1,7,11,10,4,3,9,8,11,10,8,11,9,8,7,11,8,6,9,2,3142.2
1,2,7,5,6,5,12,3,3,12,10,8,8,4,5,2,3,10,6,7,3132.05
1,5,5,9,10,7,7,11,4,8,6,10,4,13,5,9,5,6,10,11,3158.8
1,13,12,12,4,9,13,6,9,9,13,8,3,10,2,5,12,5,9,12,3084.1
1,13,4,5,3,11,11,12,3,7,3,11,3,12,2,3,6,13,12,12,3086.96
1,10,6,4,3,10,13,7,8,13,11,7,2,13,12,2,3,4,5,7,3082.23
1,13,3,2,7,5,4,3,13,13,6,3,12,7,5,9,7,11,3,5,3170.24
1,3,3,7,2,12,4,4,7,9,6,8,6,13,2,2,12,2,9,4,3114.31
1,8,13,11,6,7,5,2,12,9,3,11,8,12,3,10,3,3,13,8,3066.54
1,6,5,7,2,5,9,9,12,6,12,9,4,6,3,6,4,2,9,9,3111
1,10,3,2,13,11,8,6,7,4,4,8,5,10,9,5,2,6,5,2,3118.24
1,7,10,8,10,13,9,6,8,12,4,7,7,8,13,13,4,12,11,4,3146.49
1,2,6,4,12,5,12,7,5,6,7,12,4,10,5,10,7,2,4,10,3124.08
1,10,10,8,13,5,9,10,2,4,13,3,6,4,11,13,4,10,8,5,3129.41
1,10,2,6,6,12,13,4,2,13,2,10,2,5,2,12,3,10,7,2,3117.26
1,9,10,10,2,11,9,2,4,2,12,7,7,5,10,5,13,4,10,10,3092.15
1,5,7,4,11,9,12,7,6,4,10,2,7,7,5,2,3,10,2,10,3106.02
1,12,13,5,5,6,4,4,5,6,12,7,4,6,9,7,3,5,9,4,3111.94
1,8,2,2,2,5,11,2,7,5,6,9,7,5,6,12,4,10,7,10,3090.26
1,2,5,10,9,7,13,2,12,12,3,5,2,5,3,5,11,9,3,10,3179.26
1,9,12,4,13,3,13,13,2,5,12,5,2,5,13,2,13,5,12,12,3103.35
1,4,12,3,8,11,3,9,2,13,3,2,8,13,12,8,5,2,9,7,3113.97
1,2,12,10,9,2,10,6,13,13,12,5,6,11,2,13,11,12,13,10,3098.46
1,8,13,9,3,4,3,3,12,9,11,10,8,8,12,10,6,10,10,7,3099.09
1,3,7,6,6,3,4,9,3,11,4,5,9,10,12,6,10,10,4,11,3168.56
1,12,12,3,2,8,13,13,4,10,11,2,3,3,11,5,4,2,5,4,3167.24
1,5,2,11,3,6,13,5,8,13,5,9,12,8,6,11,5,10,3,11,3141.11
1,6,9,2,11,8,5,10,6,13,4,6,5,12,6,3,9,9,4,7,3102.1
1,7,2,7,7,11,13,12,9,9,11,2,7,12,4,11,9,10,5,5,3140.98
1,5,8,11,9,4,9,6,7,11,12,10,12,5,13,13,11,12,4,11,3144.36
1,2,5,12,7,4,12,10,5,6,3,6,5,9,11,7,4,2,7,7,3206.17
1,7,10,5,5,9,13,12,4,3,6,8,12,2,7,6,4,10,2,5,3093.91
1,2,10,11,3,6,2,9,5,2,12,11,13,2,9,6,3,11,6,2,3127.8
1,3,10,5,8,2,4,5,3,4,5,4,2,12,12,12,6,10,9,11,3202.7
1,12,3,9,8,13,12,11,7,9,12,5,13,2,6,8,12,6,3,13,3103.63
1,12,3,3,13,6,5,4,6,4,8,12,10,5,7,3,8,7,11,4,3188.68
1,3,8,12,3,2,7,10,3,8,9,10,7,7,10,2,6,2,3,10,3130.46
1,2,12,9,5,8,12,3,9,3,11,11,12,10,9,11,8,8,2,12,3111.99
1,5,7,4,3,12,11,6,9,9,11,6,8,7,2,7,11,3,11,11,3162.52
1,11,10,4,2,5,4,10,3,11,9,4,10,7,2,13,12,10,5,5,3088.02
1,5,6,7,6,7,10,5,2,10,12,12,13,3,9,5,6,2,11,5,3195.51
1,2,11,9,2,5,9,2,2,12,11,2,12,6,13,11,6,10,13,13,3109.57
1,6,3,3,9,4,9,11,10,11,5,7,5,4,9,3,10,12,3,10,3115.84
1,11,4,3,8,12,6,4,2,7,11,13,13,10,6,5,3,7,3,5,3140.39
1,10,5,13,7,12,12,8,12,11,5,2,12,3,5,10,5,9,11,9,3159.41
1,7,3,8,5,7,4,8,3,11,13,11,11,4,13,3,7,9,9,9,3110.2
1,10,6,6,5,5,4,10,8,2,3,4,2,3,3,12,5,4,8,3,3113.27
1,12,9,6,9,11,11,2,6,11,10,6,11,13,12,3,10,2,8,12,3112.97
1,3,5,13,4,9,6,7,9,13,5,10,10,10,4,6,6,8,2,13,3087.05
1,4,12,2,8,12,9,4,6,9,3,11,2,9,7,8,4,5,10,5,3165.68
1,9,11,9,2,12,4,3,8,11,9,2,11,10,12,5,10,13,4,6,3077.28
1,4,2,9,8,12,11,11,2,9,4,4,9,5,9,7,7,10,8,5,3160.24
1,10,9,8,5,12,9,8,5,9,11,8,7,8,2,10,7,12,8,13,3091.41
1,7,11,3,6,5,8,13,13,7,12,12,12,13,4,5,7,8,9,12,3092.35
1,9,3,4,6,3,12,12,8,9,5,7,3,9,4,6,6,8,8,12,3105.51
1,7,3,12,12,9,8,13,10,11,11,12,8,5,11,4,9,6,12,7,3121.71
1,13,7,5,6,3,5,9,13,9,2,5,3,7,6,8,3,4,11,11,3165.56
1,2,7,5,4,12,12,12,8,9,3,5,6,13,2,7,6,9,4,10,3109.62
1,12,2,2,10,8,3,9,6,2,10,6,11,12,4,6,11,10,9,6,3154.92
1,11,5,9,6,13,9,11,5,11,4,11,2,8,9,8,7,6,12,2,3080.57
1,9,12,3,12,3,3,8,5,2,12,9,9,6,10,9,11,12,12,8,3093.57
1,4,7,5,4,10,10,7,3,11,10,5,10,10,5,9,13,7,6,2,3154.77
1,10,2,4,4,7,6,9,9,8,9,8,3,4,5,9,8,5,9,10,3110.89
1,7,4,6,4,11,4,3,6,9,8,9,3,6,2,10,13,10,4,12,3100.4
1,6,5,11,10,12,3,11,13,5,4,10,2,5,9,12,5,10,10,10,3073.96
1,10,10,9,7,6,2,5,5,13,6,13,13,8,6,13,5,7,7,13,3109.01
1,13,10,10,9,12,5,7,7,2,11,5,3,11,12,13,8,10,2,4,3084.13
1,7,12,4,8,13,8,7,4,2,12,7,10,8,8,8,12,10,13,2,3085.68
1,10,2,12,13,7,13,6,12,11,5,10,11,3,4,6,8,9,13,7,3144.59
1,10,10,2,7,6,13,5,10,9,6,2,12,7,11,10,13,10,9,12,3082.33
1,3,3,5,10,5,3,13,3,5,6,9,2,9,8,12,7,7,11,6,3177.89
1,5,8,12,11,4,10,9,7,2,8,6,12,4,11,4,3,3,6,12,3109.41
1,13,12,12,7,12,12,6,11,9,8,12,10,11,3,2,3,7,8,13,3085.57
1,10,12,3,7,2,10,4,3,12,5,4,9,5,12,9,6,3,13,2,3102.14
1,12,13,3,6,11,12,12,6,5,3,5,4,13,4,9,8,12,13,4,3075.57
1,11,3,4,9,4,12,13,11,7,11,5,2,11,3,10,8,2,11,9,3156.05
1,8,13,9,4,10,10,2,6,5,7,13,5,9,7,9,8,13,11,2,3177.88
1,10,4,5,5,4,7,10,2,11,6,7,9,2,5,3,5,7,11,9,3182.6
1,3,2,6,5,13,12,7,13,2,11,13,4,13,3,2,12,6,6,13,3072.33
1,2,5,4,12,12,7,6,5,11,3,5,6,8,4,7,10,2,8,3,3182.19
1,9,4,13,11,6,13,8,5,6,8,13,9,13,3,13,7,5,5,6,3141.37
1,3,10,4,8,12,11,9,9,10,5,6,3,4,9,11,5,7,9,5,3167.25
1,2,8,2,10,10,2,2,3,11,6,3,3,9,6,8,12,8,10,10,3070.29
1,11,13,6,4,10,13,2,5,2,4,8,12,11,7,8,5,8,9,8,3113.86
1,5,4,9,12,7,8,12,9,11,5,11,9,5,2,11,10,7,9,7,3186
1,3,11,8,8,6,5,8,8,8,4,3,10,4,8,11,10,2,5,7,3161.07
1,12,11,6,13,13,3,11,11,12,10,12,3,10,8,12,2,5,12,9,3085.48
1,6,7,11,4,6,12,8,6,13,10,6,13,6,5,8,12,4,6,10,3072.56
1,11,4,10,9,12,11,13,12,11,6,5,8,6,12,3,3,7,12,12,3063.77
1,2,10,13,12,8,5,5,12,13,6,7,11,11,7,4,10,12,13,11,3116.3
1,11,5,4,8,9,10,3,8,2,8,9,9,6,7,7,6,11,11,5,3150.66
1,6,10,11,4,8,12,8,6,13,12,11,5,4,13,3,4,10,11,8,3098.6
1,7,13,2,11,12,7,7,9,9,12,10,11,7,5,8,12,3,11,5,3119.93
1,10,11,9,6,12,10,13,7,6,11,7,5,11,5,11,4,13,12,3,3077.47
1,12,7,4,13,11,6,3,6,7,10,5,4,3,10,13,6,13,8,5,3118.68
1,8,3,9,3,5,10,11,4,6,3,2,9,4,12,11,11,8,11,11,3157.83
1,13,8,10,5,3,4,2,9,12,10,13,13,4,10,2,8,3,5,4,3090.97
1,13,7,13,10,6,10,9,13,4,7,6,5,12,2,10,3,7,6,8,3084.12
1,3,3,3,13,5,4,5,3,5,10,4,13,10,4,4,5,12,6,13,3085.43
1,4,2,13,9,8,11,9,4,4,3,5,7,9,11,3,8,2,9,8,3125.08
1,9,2,11,12,3,7,6,11,13,2,3,13,2,5,10,7,2,4,13,3112.41
1,7,2,2,12,3,9,6,6,13,10,11,5,13,12,11,9,10,12,4,3083.38
1,9,7,9,11,5,10,3,11,11,6,12,7,7,5,2,4,7,10,11,3156.65
1,5,2,6,3,12,6,13,5,5,5,7,9,3,2,7,9,2,7,13,3108.11
1,10,5,11,6,10,6,7,7,8,10,7,2,13,10,3,5,5,3,4,3102.65
1,13,2,4,12,2,4,13,11,7,9,9,9,10,2,4,2,5,6,5,3153.24
1,11,12,4,2,13,13,2,13,12,5,3,8,5,3,12,13,13,5,10,3068.07
1,7,12,2,8,11,12,8,10,12,7,10,6,10,6,5,5,12,9,3,3091.44
1,12,13,10,8,10,11,4,4,13,12,13,11,8,5,10,2,5,11,7,3134.9
1,9,5,8,4,7,11,6,13,12,12,13,12,4,7,3,6,7,13,13,3081.94
1,8,7,5,12,11,8,11,11,4,7,13,5,6,13,3,11,7,3,6,3150.01
1,3,7,2,9,12,9,12,2,2,12,9,2,6,9,10,6,11,3,9,3191.36
1,13,11,11,10,12,9,13,6,13,12,5,4,9,3,2,11,10,4,5,3112.81
1,9,6,4,2,7,4,6,3,12,3,7,4,2,12,3,9,3,7,8,3130.28
1,7,12,4,4,2,9,2,7,6,13,5,10,11,4,8,5,6,3,2,3151.7
1,10,11,5,6,11,6,13,10,4,2,11,10,2,2,4,6,10,3,2,3108.91
1,3,5,5,9,3,3,8,8,6,13,11,10,4,11,12,2,6,8,9,3102.53
1,8,5,10,7,4,12,13,8,7,10,5,5,10,6,10,7,7,6,2,3128.95
1,12,10,13,2,7,10,5,13,2,10,2,7,10,12,10,2,7,10,5,3102.51
1,6,9,10,10,11,4,3,10,2,5,11,12,8,5,12,8,13,13,5,3095.66
1,2,6,5,9,7,6,6,4,13,4,12,13,9,10,6,2,2,11,6,3189.17
1,2,12,5,6,10,7,7,4,9,3,4,12,8,2,10,10,9,12,3,3106.42
1,11,8,3,9,10,9,7,7,5,8,6,6,11,10,9,10,5,9,11,3140.32
1,2,9,9,2,10,11,2,9,6,3,12,3,8,11,11,6,12,10,4,3104.09
1,11,7,10,3,11,13,11,2,5,9,5,9,12,10,5,9,13,2,4,3068.99
1,11,3,13,6,9,11,12,10,5,5,6,8,13,11,9,8,11,6,7,3130.09
1,11,7,3,7,9,7,2,6,7,13,5,4,9,13,3,12,10,2,3,3078.93
1,5,6,6,6,6,5,2,3,6,12,13,2,11,10,8,10,6,6,4,3165.79
1,10,2,12,12,8,6,11,10,7,9,2,5,12,10,10,7,9,5,13,3101.02
1,7,11,9,12,2,12,11,2,11,7,12,5,6,8,9,7,12,4,12,3103.57
1,10,5,8,3,12,6,13,8,13,3,12,12,7,9,12,12,4,8,2,3096.79
1,12,8,13,11,11,5,4,13,2,6,6,9,4,5,4,11,10,9,7,3147.64
1,3,2,11,10,3,4,4,2,5,13,2,4,9,9,10,10,10,9,7,3118.59
1,12,10,2,8,12,8,3,5,2,6,2,6,7,9,5,11,11,12,7,3118.99
1,13,9,2,7,6,10,9,12,12,10,2,2,3,11,12,6,2,8,11,3159.67
1,7,10,5,12,10,5,10,6,11,12,11,12,11,5,4,7,5,13,8,3117.77
1,7,8,8,3,8,6,3,8,8,10,6,3,3,10,9,5,13,3,11,3176.81
1,3,4,7,12,6,8,3,13,10,5,7,2,10,4,8,9,10,8,3,3107.42
1,9,9,9,13,13,9,8,6,6,7,9,3,4,10,13,2,13,13,6,3099.86
1,8,3,8,10,4,8,5,5,2,5,11,6,3,4,6,11,6,11,12,3086.31
1,4,10,6,5,3,6,3,4,5,2,12,2,10,4,3,4,13,10,9,3111.27
1,12,10,8,8,10,4,10,3,4,3,6,4,5,5,9,6,5,4,10,3112.38
1,4,2,13,3,13,9,4,5,13,5,12,12,10,4,11,8,6,12,2,3086.32
1,11,13,12,7,3,10,11,13,4,5,3,12,8,13,8,12,11,4,8,3144.53
1,11,7,13,9,12,7,4,6,9,9,2,12,11,7,5,8,8,7,4,3172.08
1,8,12,4,11,2,8,12,3,10,9,10,7,2,10,12,12,9,10,5,3106.65
1,12,3,5,9,7,11,2,10,6,2,9,3,9,3,4,9,6,2,6,3166.47
1,12,7,6,2,11,11,11,11,3,7,4,8,12,5,7,8,10,7,6,3121.84
1,8,8,13,4,4,5,5,13,4,13,4,3,12,3,5,2,3,9,2,3097.61
1,4,2,2,5,12,9,12,11,7,5,7,2,10,6,7,9,11,11,6,3183.49
1,7,6,12,6,9,6,4,8,11,12,13,10,7,12,11,3,10,13,5,3157.57
1,10,10,8,10,5,7,5,3,5,13,11,2,11,3,8,10,8,2,11,3146.91
1,6,13,4,2,4,8,8,9,6,9,2,7,8,9,3,9,6,6,11,3179.93
1,13,9,2,5,7,9,6,2,12,8,10,2,10,9,5,5,2,11,11,3185.41
1,4,3,3,5,3,12,7,12,3,12,9,8,6,7,7,13,13,6,13,3103.41
1,4,2,10,5,10,6,7,5,8,3,13,2,8,9,6,9,11,5,8,3165
1,8,7,3,5,4,6,12,4,11,11,5,6,4,4,3,9,5,11,7,3199.43
1,2,5,7,3,7,9,9,3,3,3,9,5,9,8,10,6,9,5,3,3135.6
1,6,8,2,12,4,3,10,11,7,13,7,13,9,10,2,8,12,8,3,3085.77
1,5,6,10,11,2,7,5,5,9,2,9,8,4,4,6,4,11,5,6,3134.98
1,4,11,10,10,13,12,4,13,4,6,8,12,9,8,10,11,12,3,11,3159.56
1,13,8,5,6,8,11,12,11,4,4,13,7,11,8,3,11,10,4,3,3103.9
1,13,10,11,3,9,4,7,13,5,5,5,8,4,7,3,8,8,2,3,3124.98
1,7,10,7,3,12,8,10,10,9,5,6,8,3,6,3,3,4,12,2,3112.66
1,8,3,4,13,4,6,5,13,3,11,3,3,11,8,13,6,8,11,12,3107.18
1,6,9,13,13,5,12,11,9,9,12,5,13,4,12,12,4,6,11,3,3158.1
1,12,5,13,12,6,8,9,10,7,3,8,10,11,3,6,6,8,11,2,3177.42
1,4,11,9,10,5,12,7,5,9,10,3,6,3,9,2,11,13,3,4,3129.77
1,6,11,13,2,10,2,6,12,12,8,8,3,7,12,9,10,11,3,10,3154
1,4,5,8,12,10,4,10,3,8,11,13,3,11,8,2,3,11,10,13,3141.62
1,6,3,5,9,11,9,5,9,9,7,10,5,9,11,4,8,6,5,4,3140.4
1,5,9,9,13,7,4,10,9,13,3,6,3,5,3,11,11,11,5,5,3187
1,9,2,8,10,10,12,9,12,10,12,5,11,13,12,7,4,2,5,10,3098.15
1,5,3,2,4,10,2,3,8,8,10,11,9,2,6,4,5,5,6,5,3147.4
1,12,11,12,6,11,7,10,4,13,12,4,13,6,6,3,5,6,7,10,3093.78
1,13,7,2,13,10,6,2,11,5,4,7,3,2,5,5,9,5,4,3,3140.35
1,11,9,3,7,13,3,2,10,4,6,9,5,12,6,8,4,11,6,13,3135.65
1,6,12,11,7,10,4,4,10,7,3,8,5,12,12,5,12,11,11,6,3154.58
1,13,7,10,6,11,10,11,8,13,3,11,4,11,2,7,10,13,3,5,3112.12
1,8,12,10,7,12,2,3,5,7,3,6,12,6,12,6,11,11,9,8,3181.64
1,2,10,5,10,12,12,12,8,13,12,2,6,6,11,7,8,10,10,11,3181.4
1,11,6,3,12,12,11,12,7,4,13,6,12,8,3,6,10,9,3,2,3074.45
1,5,5,10,6,3,6,6,8,11,11,6,12,3,6,11,9,12,9,11,3109.45
1,7,8,8,4,7,5,2,3,6,5,4,7,13,8,6,4,13,4,10,3092.69
1,9,12,4,6,12,12,5,11,10,13,12,11,7,10,2,3,11,8,8,3151.15
1,4,4,6,12,8,10,8,5,10,10,10,8,13,12,13,3,9,12,10,3102.55
1,7,5,5,13,2,8,5,12,12,13,11,10,9,5,4,7,10,4,2,3156.32
1,5,11,8,12,5,8,4,6,2,6,7,8,2,3,6,10,5,6,10,3061.72
1,3,7,11,6,5,12,6,10,2,12,13,7,3,3,8,12,13,5,10,3088.56
1,12,6,12,5,5,2,6,3,3,4,8,8,6,10,8,6,10,12,4,3110.68
1,8,12,13,3,5,5,8,9,11,8,12,4,5,6,10,8,6,2,9,3111.67
1,3,12,10,3,6,9,4,8,5,12,2,7,10,10,2,9,11,13,3,3175.1
1,10,11,4,13,6,13,6,8,9,11,13,6,7,5,12,4,5,11,12,3086.17
1,6,4,10,2,11,2,4,9,7,6,12,13,5,4,3,11,8,6,3,3123.54
1,7,12,8,11,2,10,11,6,9,9,13,10,10,13,12,10,6,3,12,3106.75
1,2,10,11,2,6,4,9,11,7,5,3,3,5,3,9,4,3,7,10,3130.42
1,11,11,9,5,2,4,2,12,3,4,2,6,9,10,9,9,6,4,10,3093.71
1,5,8,10,2,10,5,6,12,2,13,2,2,5,7,3,5,2,6,3,3104.36
1,10,2,7,8,4,6,5,8,4,10,2,3,10,2,8,12,9,4,9,3110.27
1,13,5,12,11,11,6,5,12,11,9,9,11,12,5,12,7,12,10,9,3083.79
1,12,10,11,2,7,10,2,5,7,11,9,11,10,7,4,2,6,2,5,3171.59
1,5,11,13,4,6,11,9,7,9,11,7,4,13,5,13,8,10,12,12,3084.28
1,11,10,5,8,3,7,4,11,10,13,7,2,3,7,4,4,6,8,6,3119.59
1,4,9,4,8,6,9,5,9,9,13,9,5,13,8,7,3,11,7,6,3203.27
1,8,7,2,2,4,12,10,5,13,2,7,4,3,11,7,4,11,13,9,3142.63
1,11,10,3,2,12,11,9,5,12,13,13,5,8,3,11,5,3,5,9,3191.02
1,6,6,3,11,8,12,9,7,6,6,7,13,4,7,8,5,11,9,6,3138.15
1,13,2,9,7,10,12,11,4,7,12,6,12,13,6,13,2,8,10,2,3078.93
1,12,6,7,11,11,13,8,2,12,4,5,10,13,4,9,13,2,4,6,3079.92
1,2,7,4,8,4,5,9,6,7,5,3,12,5,9,12,9,9,4,7,3139.75
1,9,5,10,2,5,6,5,7,13,12,11,7,2,2,12,7,5,10,7,3121.77
1,11,11,7,13,11,11,3,13,7,2,10,10,10,8,3,12,13,5,2,3070.66
1,4,13,7,9,2,4,2,10,10,11,6,5,9,9,7,7,2,8,6,3172.81
1,4,11,13,11,3,8,9,8,11,8,13,12,4,9,5,9,3,7,11,3126.45
1,3,5,9,4,9,7,13,9,11,3,4,13,7,9,13,4,9,9,10,3131.22
1,10,5,4,8,2,4,8,2,6,8,11,11,11,2,5,8,5,7,7,3154.23
1,9,12,2,2,7,6,4,8,5,10,6,5,6,2,10,13,13,10,2,3105.86
1,4,8,10,11,13,2,7,2,2,2,10,12,2,13,9,6,4,3,6,3050.85
1,8,9,12,7,4,10,6,5,5,5,12,6,4,6,13,4,12,5,9,3098.38
1,10,5,2,11,2,8,7,11,7,13,9,12,11,6,13,6,9,5,10,3084.41
1,11,10,13,12,11,7,7,9,7,9,6,3,11,11,2,12,3,5,11,3142.89
1,7,12,13,9,10,10,4,11,13,10,10,13,3,13,7,5,9,6,6,3148.41
1,6,5,5,11,7,6,13,6,2,12,8,10,10,11,10,12,13,12,9,3047.18
1,12,13,7,6,12,4,9,2,5,12,12,7,4,4,2,7,11,3,7,3207.58
1,2,3,4,10,12,3,12,4,4,9,4,7,2,2,6,8,4,5,10,3102.25
1,4,13,6,12,4,12,11,11,3,2,7,9,3,13,2,10,13,8,11,3153.1
1,13,2,7,10,3,2,4,3,6,5,7,9,3,13,9,12,6,4,2,3085.92
1,7,7,12,2,5,10,2,3,9,8,9,4,11,13,13,13,10,10,8,3135.88
1,13,10,10,5,6,3,10,12,7,7,2,11,4,2,6,4,13,6,8,3122.5
1,5,13,3,5,2,2,10,7,13,10,10,11,2,12,13,10,11,10,8,3106.48
1,4,4,7,3,3,12,9,6,8,10,4,7,6,3,2,6,10,6,7,3137.78
1,11,8,4,13,6,2,2,5,10,9,10,7,5,7,13,3,5,7,12,3065.16
1,12,9,11,4,7,7,5,7,6,7,5,12,11,2,12,3,4,5,10,3122.96
1,6,10,6,4,8,2,4,11,8,11,7,3,6,10,2,6,10,5,12,3089.16
1,10,5,10,5,2,4,3,13,3,8,5,10,11,5,4,13,9,2,3,3117.52
1,7,12,6,8,7,4,5,3,10,8,5,3,9,9,7,11,5,11,4,3171.86
1,4,2,6,10,3,7,3,10,9,11,7,12,3,13,11,9,4,10,7,3146.1
1,4,4,9,10,2,11,9,4,13,6,5,10,11,13,12,9,8,2,6,3090.13
1,5,9,6,11,3,13,10,4,4,10,6,5,9,12,10,7,2,4,2,3108.9
1,12,5,6,9,8,7,7,13,13,13,13,11,9,9,5,6,5,13,5,3156.17
1,4,10,13,6,13,6,2,11,5,12,6,6,8,7,11,5,5,13,4,3119.57
1,12,11,2,7,3,8,5,8,4,9,13,2,8,10,4,13,11,10,7,3164
1,4,11,11,5,6,10,10,4,6,8,10,5,5,6,5,4,11,5,3,3160
1,12,4,7,7,2,9,9,4,3,9,10,12,8,12,7,13,3,7,13,3115.32
1,7,4,4,12,4,3,12,11,8,3,9,3,10,8,3,4,9,6,7,3170.89
1,10,8,13,2,9,10,5,4,12,4,5,8,13,11,4,6,8,7,13,3119.93
1,13,10,8,8,12,10,3,4,9,7,8,4,6,6,10,9,9,4,3,3087.76
1,6,11,13,3,13,8,4,3,10,7,13,9,10,11,10,5,10,11,9,3124.11
1,3,7,2,3,5,12,3,8,7,13,11,4,7,11,9,11,3,7,6,3170.82
1,12,6,13,5,9,11,11,6,4,12,9,12,6,10,5,3,4,13,10,3082.84
1,5,3,6,8,3,10,12,3,12,11,7,4,4,2,4,11,10,12,13,3102.26
1,6,9,5,9,7,8,9,13,2,3,3,3,11,6,2,6,12,11,13,3151.8
1,11,2,9,2,4,9,5,9,2,3,6,12,7,5,5,10,6,6,7,3093.18
1,9,12,4,10,4,3,3,10,6,7,10,13,3,3,4,4,3,13,9,3100.19
1,5,5,2,7,6,5,7,11,8,9,4,2,13,2,5,10,11,10,7,3176.75
1,6,12,12,6,8,10,12,8,13,11,7,9,8,3,9,3,8,6,6,3132.84
1,4,2,2,10,12,4,8,10,2,2,13,13,9,5,3,7,3,5,12,3098.16
1,5,6,8,12,4,7,3,4,3,5,7,8,4,11,8,9,13,11,12,3114.23
1,4,13,8,5,10,5,4,6,5,3,2,4,8,7,13,12,8,8,3,3086.53
1,11,2,8,11,3,12,13,9,5,11,13,9,6,10,11,11,12,8,4,3105.09
1,13,13,10,6,9,7,2,5,5,11,7,10,4,8,5,6,2,3,6,3136.33
1,6,7,2,10,10,2,4,2,2,6,4,2,5,4,12,12,4,5,4,3098.1
1,10,9,11,5,13,5,2,7,3,11,2,2,6,12,8,11,10,6,8,3128.28
1,4,11,4,10,13,12,2,10,11,7,6,3,10,10,9,4,12,2,8,3075.14
1,8,3,5,13,6,7,9,4,4,9,9,10,9,3,10,9,7,5,13,3093.61
1,9,10,10,6,8,11,7,11,5,11,8,5,13,13,8,4,11,5,11,3146.42
1,6,5,6,12,13,3,2,13,6,4,9,3,12,5,6,13,5,7,10,3116.06
1,13,3,4,4,8,7,2,9,11,2,6,13,12,6,13,6,2,10,6,3068.71
1,11,7,7,4,5,7,9,7,12,4,12,12,11,9,5,6,3,7,12,3085.83
1,11,12,8,11,3,10,10,4,3,12,6,10,11,5,11,7,7,10,6,3162.3
1,7,7,10,12,6,5,2,3,7,9,13,11,12,9,2,3,3,5,12,3081.42
1,2,11,10,13,10,9,8,3,2,13,3,8,8,13,10,2,7,8,13,3092.72
1,13,9,3,2,3,7,10,10,10,6,6,7,2,9,6,4,11,8,4,3151.63
1,13,8,3,6,10,4,3,13,2,8,5,10,5,13,5,10,2,7,9,3097.08
1,13,7,6,11,3,8,6,11,2,9,5,13,3,7,5,12,5,4,5,3080.1
1,8,6,13,9,8,7,11,8,12,9,3,5,4,12,6,11,3,13,12,3071.81
1,11,5,9,9,11,3,6,9,9,5,2,3,4,11,12,9,4,11,3,3132.45
1,4,2,6,13,13,6,9,8,12,4,4,5,13,11,5,3,4,12,10,3079.85
1,10,3,6,3,11,7,4,3,13,5,12,9,8,8,9,7,7,5,13,3055.29
1,7,2,5,12,11,7,4,2,7,7,9,6,10,3,7,5,8,3,4,3158.95
1,12,10,12,12,4,13,8,6,5,7,5,7,4,13,4,9,7,9,2,3095.41
1,5,7,4,11,5,4,11,8,10,8,6,9,13,6,8,7,7,11,11,3152.5
1,5,8,13,2,4,11,12,3,2,4,9,4,10,9,11,3,2,10,12,3094.71
1,10,7,10,3,8,13,8,10,2,2,10,4,8,12,7,8,2,13,9,3092.9
1,11,10,11,3,4,3,12,4,12,5,7,3,3,2,10,6,2,2,12,3074.54
1,10,8,7,5,5,11,5,4,13,9,9,13,4,9,9,6,3,4,13,3118.42
1,11,9,3,9,7,4,9,9,13,13,10,6,10,11,4,12,11,10,8,3151.8
1,4,12,8,2,8,6,11,7,11,9,2,13,4,2,8,13,12,8,5,3105.25
1,6,9,12,7,9,11,12,5,7,6,8,6,7,6,2,10,12,11,9,3175.52
1,5,7,7,7,3,9,11,3,5,7,8,3,3,5,9,9,9,5,7,3155.04
1,9,8,10,2,13,11,13,3,2,6,9,8,7,10,11,13,4,4,8,3132.6
1,13,9,8,11,12,2,3,3,11,4,11,6,3,9,8,9,5,8,11,3122.63
1,4,11,4,7,4,8,5,13,7,10,10,13,7,3,7,8,2,9,8,3090.18
1,7,9,12,7,11,12,6,10,11,7,6,10,13,2,11,10,5,9,10,3172.96
1,3,3,13,11,10,7,2,11,2,11,10,13,12,13,10,5,5,4,11,3124.73
1,12,2,2,6,13,11,3,5,5,12,4,5,11,12,13,13,13,5,3,3093.66
1,5,3,2,10,8,8,4,8,6,7,11,2,6,3,5,8,11,2,5,3156.82
1,6,3,7,4,9,2,8,7,8,6,4,9,6,2,12,7,10,6,13,3108.1
1,8,9,8,9,8,4,6,7,4,2,3,8,9,7,9,13,10,7,3,3129.39
1,7,5,11,12,12,11,5,9,8,11,5,5,2,8,4,6,11,13,6,3123.99
1,5,2,3,8,4,10,4,4,12,9,5,6,13,7,12,3,13,4,12,3091.98
1,3,8,11,5,9,7,3,4,5,2,12,12,10,8,7,5,6,7,9,3073.02
1,10,7,13,2,9,13,2,6,5,11,2,9,3,12,6,11,2,2,3,3141.23
1,2,10,9,6,3,7,7,10,7,7,8,13,11,9,8,6,8,4,2,3145.65
1,13,4,2,11,8,13,5,11,13,13,5,10,3,13,6,11,11,12,12,3068.52
1,11,5,4,4,2,4,8,10,5,5,12,3,2,9,6,6,10,8,9,3074.19
1,13,13,4,6,4,13,3,8,7,9,8,4,10,7,11,3,4,13,8,3131.2
1,8,12,8,6,11,6,9,11,11,10,10,8,5,4,9,10,12,10,7,3130.5
1,6,6,10,4,2,7,12,9,2,9,7,8,6,11,11,3,4,12,3,3098.93
1,7,4,12,13,3,11,12,6,9,12,6,4,8,6,8,6,9,9,3,3087.27
1,12,9,12,7,13,5,2,7,10,3,8,5,7,2,3,7,13,3,3,3098.88
1,5,2,9,3,8,7,8,8,4,10,4,2,7,11,7,7,5,10,7,3203.04
1,5,11,11,12,6,7,6,3,5,12,7,2,11,13,3,3,11,6,2,3142.14
1,3,13,7,10,5,11,9,10,12,8,8,9,12,11,3,6,9,13,9,3111.56
1,4,2,12,4,6,13,8,10,8,6,6,11,9,6,13,3,7,7,12,3087.73
1,10,7,3,5,12,12,9,9,7,5,13,12,12,10,9,8,3,5,4,3120.59
1,11,3,13,6,9,6,2,8,2,12,11,8,10,8,8,12,10,4,7,3108.68
1,4,10,8,13,6,2,7,12,8,7,6,7,10,10,12,11,12,5,10,3076.92
1,13,10,10,13,5,9,3,7,9,5,3,10,2,7,5,9,12,5,12,3092.11
1,2,2,5,9,8,4,9,11,4,4,7,2,12,6,4,11,13,6,8,3131.37
1,8,13,5,8,2,9,8,12,6,7,11,5,12,9,10,3,3,11,7,3156.5
1,2,13,2,3,7,3,8,11,3,7,6,13,9,11,8,4,12,2,5,3076.44
1,6,3,12,11,4,13,3,4,12,9,10,11,6,5,7,5,8,7,2,3140.68
1,10,6,7,6,4,11,7,2,11,3,7,10,8,11,13,10,8,11,7,3166.12
1,7,11,8,10,12,9,8,13,10,3,6,5,6,7,11,3,11,11,4,3153.35
1,2,2,9,13,7,5,3,8,13,2,5,8,2,5,9,10,3,8,6,3105.7
1,3,11,5,7,9,5,9,9,10,12,10,11,13,3,5,5,9,4,3,3112.4
1,4,3,2,9,8,2,5,5,4,10,6,10,7,11,5,6,5,7,4,3189.53
1,13,8,11,3,12,8,13,5,12,5,2,12,7,10,7,3,13,13,10,3068.19
1,9,9,4,5,2,5,13,8,7,5,9,9,6,7,2,2,8,12,5,3105.24
1,7,5,3,7,8,12,5,4,13,2,13,11,5,8,3,12,3,13,5,3090.81
1,4,9,11,12,12,10,11,11,3,5,5,6,9,11,12,10,13,8,9,3092.91
1,12,4,5,5,9,12,8,13,10,7,9,11,7,12,11,9,6,12,9,3109.59
1,9,10,12,12,8,10,12,6,11,6,2,8,4,3,10,13,9,6,12,3104.93
1,8,9,9,8,6,5,5,9,2,7,4,7,6,11,12,4,11,12,10,3086.86
1,2,2,2,2,7,4,6,3,3,5,2,12,10,6,8,10,5,3,4,3103.6
